{"synthetic": false,
 "schemaVersion": "2025-09-10",
 "outputs":
 {"rs": "17fd4e0758d3d0dd.ir.sig",
  "r": "afca841fb25ae151.ir",
  "o":
  ["7692d901bf5fae59.olean",
   "6155ccf560ecb576.olean.server",
   "34f7145824946e24.olean.private"],
  "m": true,
  "i": "ab6ac6b15fee838f.ilean",
  "c": "eb9c0d3f2ef7a595.c"},
 "log":
 [{"message":
   ".> LEAN_PATH=C:\\lean\\mathlib4\\.lake\\packages\\Cli\\.lake\\build\\lib\\lean;C:\\lean\\mathlib4\\.lake\\packages\\batteries\\.lake\\build\\lib\\lean;C:\\lean\\mathlib4\\.lake\\packages\\Qq\\.lake\\build\\lib\\lean;C:\\lean\\mathlib4\\.lake\\packages\\aesop\\.lake\\build\\lib\\lean;C:\\lean\\mathlib4\\.lake\\packages\\proofwidgets\\.lake\\build\\lib\\lean;C:\\lean\\mathlib4\\.lake\\packages\\importGraph\\.lake\\build\\lib\\lean;C:\\lean\\mathlib4\\.lake\\packages\\LeanSearchClient\\.lake\\build\\lib\\lean;C:\\lean\\mathlib4\\.lake\\packages\\plausible\\.lake\\build\\lib\\lean;C:\\lean\\mathlib4\\.lake\\build\\lib\\lean;C:\\lean\\libs\\physlib\\.lake\\build\\lib\\lean c:\\Users\\Administrator\\.elan\\toolchains\\leanprover--lean4---v4.34.0\\bin\\lean.exe -Dwarn.sorry=false -Dweak.says.verify=true C:\\lean\\libs\\physlib\\Physlib.lean -o C:\\lean\\libs\\physlib\\.lake\\build\\lib\\lean\\Physlib.olean -i C:\\lean\\libs\\physlib\\.lake\\build\\lib\\lean\\Physlib.ilean -c C:\\lean\\libs\\physlib\\.lake\\build\\ir\\Physlib.c --setup C:\\lean\\libs\\physlib\\.lake\\build\\ir\\Physlib.setup.json --json",
   "level": "trace"}],
 "inputs":
 [["deps",
   [["Physlib/Physlib:extraDep", [["@Physlib:extraDep", "00000000000006bb"]]],
    ["imports",
     [["Physlib.ClassicalFieldTheory.Local.Variation transitive imports (public)",
       "f100fc8ca60fe447"],
      ["Physlib.ClassicalFieldTheory.Local.Variation:importArts",
       "29fc8e39357e6d07"],
      ["Physlib.ClassicalMechanics.Basic transitive imports (public)",
       "00000000000006bb"],
      ["Physlib.ClassicalMechanics.Basic:importArts", "514d826bfbc98365"],
      ["Physlib.ClassicalMechanics.DampedHarmonicOscillator.Basic transitive imports (public)",
       "a3aa02d3b87ff160"],
      ["Physlib.ClassicalMechanics.DampedHarmonicOscillator.Basic:importArts",
       "07aa91279b9c2e67"],
      ["Physlib.ClassicalMechanics.DampedHarmonicOscillator.Solution transitive imports (public)",
       "579f5ab41c66c08f"],
      ["Physlib.ClassicalMechanics.DampedHarmonicOscillator.Solution:importArts",
       "b823cd88322f9b53"],
      ["Physlib.ClassicalMechanics.EulerLagrange transitive imports (public)",
       "ffa4ee99cdb601aa"],
      ["Physlib.ClassicalMechanics.EulerLagrange:importArts",
       "9c7ed83f3c32b327"],
      ["Physlib.ClassicalMechanics.Force transitive imports (public)",
       "87843c10e535e81b"],
      ["Physlib.ClassicalMechanics.Force:importArts", "aa1300a803d7a379"],
      ["Physlib.ClassicalMechanics.FreeParticle.Basic transitive imports (public)",
       "ac3f44298a2649f7"],
      ["Physlib.ClassicalMechanics.FreeParticle.Basic:importArts",
       "45256bb02e333783"],
      ["Physlib.ClassicalMechanics.HamiltonsEquations transitive imports (public)",
       "ffa4ee99cdb601aa"],
      ["Physlib.ClassicalMechanics.HamiltonsEquations:importArts",
       "b4b77ee1927835f2"],
      ["Physlib.ClassicalMechanics.HarmonicOscillator.Basic transitive imports (public)",
       "c269b855b9512d20"],
      ["Physlib.ClassicalMechanics.HarmonicOscillator.Basic:importArts",
       "66e5472f9dd8d758"],
      ["Physlib.ClassicalMechanics.HarmonicOscillator.Geometric.Basic transitive imports (public)",
       "acba477c3aed51ac"],
      ["Physlib.ClassicalMechanics.HarmonicOscillator.Geometric.Basic:importArts",
       "6caefb2b89824ba4"],
      ["Physlib.ClassicalMechanics.HarmonicOscillator.Geometric.KineticEnergy transitive imports (public)",
       "279751386e2134a6"],
      ["Physlib.ClassicalMechanics.HarmonicOscillator.Geometric.KineticEnergy:importArts",
       "32054a08b6edf71a"],
      ["Physlib.ClassicalMechanics.HarmonicOscillator.Geometric.Trajectory transitive imports (public)",
       "72b20f7963bd50b3"],
      ["Physlib.ClassicalMechanics.HarmonicOscillator.Geometric.Trajectory:importArts",
       "dc2b4af8922fadee"],
      ["Physlib.ClassicalMechanics.HarmonicOscillator.Solution transitive imports (public)",
       "6282c531ba1a5d81"],
      ["Physlib.ClassicalMechanics.HarmonicOscillator.Solution:importArts",
       "8db83a3b80269cea"],
      ["Physlib.ClassicalMechanics.Lagrangian.TotalDerivativeEquivalence transitive imports (public)",
       "7392d94055f3d3ee"],
      ["Physlib.ClassicalMechanics.Lagrangian.TotalDerivativeEquivalence:importArts",
       "1a678453a040e4b9"],
      ["Physlib.ClassicalMechanics.Mass.MassUnit transitive imports (public)",
       "7b4a413f787ab9ac"],
      ["Physlib.ClassicalMechanics.Mass.MassUnit:importArts",
       "9aebe298464377f5"],
      ["Physlib.ClassicalMechanics.OrbitalMechanics.VisViva transitive imports (public)",
       "03b394a91d1b18ba"],
      ["Physlib.ClassicalMechanics.OrbitalMechanics.VisViva:importArts",
       "20e20467996ff3b7"],
      ["Physlib.ClassicalMechanics.Pendulum.CoplanarDoublePendulum transitive imports (public)",
       "7ea9df3b2277f642"],
      ["Physlib.ClassicalMechanics.Pendulum.CoplanarDoublePendulum:importArts",
       "61c97c6ce13bcbf2"],
      ["Physlib.ClassicalMechanics.Pendulum.MiscellaneousPendulumPivotMotions transitive imports (public)",
       "00000000000006bb"],
      ["Physlib.ClassicalMechanics.Pendulum.MiscellaneousPendulumPivotMotions:importArts",
       "738279595b333b97"],
      ["Physlib.ClassicalMechanics.Pendulum.SimplePendulum.Basic transitive imports (public)",
       "7bae7bfc4fea0645"],
      ["Physlib.ClassicalMechanics.Pendulum.SimplePendulum.Basic:importArts",
       "740fdfac1cabbccd"],
      ["Physlib.ClassicalMechanics.Pendulum.SimplePendulum.Equilibria transitive imports (public)",
       "57f7f9bb574f93f2"],
      ["Physlib.ClassicalMechanics.Pendulum.SimplePendulum.Equilibria:importArts",
       "a9f0d683983d27d6"],
      ["Physlib.ClassicalMechanics.Pendulum.SimplePendulum.Geometric.Basic transitive imports (public)",
       "77d1aeae72a24830"],
      ["Physlib.ClassicalMechanics.Pendulum.SimplePendulum.Geometric.Basic:importArts",
       "345e0e753ec55ef2"],
      ["Physlib.ClassicalMechanics.Pendulum.SimplePendulum.Geometric.PhysicalSpace transitive imports (public)",
       "70aade0beaf2b196"],
      ["Physlib.ClassicalMechanics.Pendulum.SimplePendulum.Geometric.PhysicalSpace:importArts",
       "25f4d6b051c89b46"],
      ["Physlib.ClassicalMechanics.Pendulum.SimplePendulum.Geometric.Trajectory transitive imports (public)",
       "d9c78f5742a96234"],
      ["Physlib.ClassicalMechanics.Pendulum.SimplePendulum.Geometric.Trajectory:importArts",
       "eae02da820bc85ce"],
      ["Physlib.ClassicalMechanics.Pendulum.SimplePendulum.Hamiltonian transitive imports (public)",
       "43426ea64870de70"],
      ["Physlib.ClassicalMechanics.Pendulum.SimplePendulum.Hamiltonian:importArts",
       "6d237a39d7011a4a"],
      ["Physlib.ClassicalMechanics.Pendulum.SimplePendulum.LiftInvariance transitive imports (public)",
       "728de2637d1d78eb"],
      ["Physlib.ClassicalMechanics.Pendulum.SimplePendulum.LiftInvariance:importArts",
       "d3e70f46eb7fbbfc"],
      ["Physlib.ClassicalMechanics.Pendulum.SimplePendulum.PeriodFormula transitive imports (public)",
       "5b457cd2297a6b38"],
      ["Physlib.ClassicalMechanics.Pendulum.SimplePendulum.PeriodFormula:importArts",
       "2ee6ff10d55226e4"],
      ["Physlib.ClassicalMechanics.Pendulum.SimplePendulum.SmallAngle transitive imports (public)",
       "30fc345da673f035"],
      ["Physlib.ClassicalMechanics.Pendulum.SimplePendulum.SmallAngle:importArts",
       "190cf24061a9a782"],
      ["Physlib.ClassicalMechanics.Pendulum.SimplePendulum.Solution transitive imports (public)",
       "a2658dc132d389e9"],
      ["Physlib.ClassicalMechanics.Pendulum.SimplePendulum.Solution:importArts",
       "34adabe41ae6ecdb"],
      ["Physlib.ClassicalMechanics.Pendulum.SlidingPendulum transitive imports (public)",
       "b1544ae5e82bfc04"],
      ["Physlib.ClassicalMechanics.Pendulum.SlidingPendulum:importArts",
       "9104ea3b736c62a5"],
      ["Physlib.ClassicalMechanics.PointParticle.Basic transitive imports (public)",
       "5bb1d611a3be3d84"],
      ["Physlib.ClassicalMechanics.PointParticle.Basic:importArts",
       "bd55c1df2bfe0e8b"],
      ["Physlib.ClassicalMechanics.PointParticle.NewtonianSystem.Basic transitive imports (public)",
       "2afa223daccb77ce"],
      ["Physlib.ClassicalMechanics.PointParticle.NewtonianSystem.Basic:importArts",
       "5d422371bbc17536"],
      ["Physlib.ClassicalMechanics.RigidBody.AngularMomentum transitive imports (public)",
       "48bfe3c8cc09e598"],
      ["Physlib.ClassicalMechanics.RigidBody.AngularMomentum:importArts",
       "7cd3fffb6a041a6d"],
      ["Physlib.ClassicalMechanics.RigidBody.AngularVelocity transitive imports (public)",
       "00ab2b25b347f1bd"],
      ["Physlib.ClassicalMechanics.RigidBody.AngularVelocity:importArts",
       "72e707af945332f5"],
      ["Physlib.ClassicalMechanics.RigidBody.Basic transitive imports (public)",
       "81c834e3318d2ce3"],
      ["Physlib.ClassicalMechanics.RigidBody.Basic:importArts",
       "ad8571f42eaed0ac"],
      ["Physlib.ClassicalMechanics.RigidBody.KineticEnergy transitive imports (public)",
       "239c470360ade08d"],
      ["Physlib.ClassicalMechanics.RigidBody.KineticEnergy:importArts",
       "284f848833cb510a"],
      ["Physlib.ClassicalMechanics.RigidBody.Motion transitive imports (public)",
       "6a0b558466fc1339"],
      ["Physlib.ClassicalMechanics.RigidBody.Motion:importArts",
       "b0e260d5a47bbbdd"],
      ["Physlib.ClassicalMechanics.RigidBody.SolidSphere transitive imports (public)",
       "92c3f9f098a54b32"],
      ["Physlib.ClassicalMechanics.RigidBody.SolidSphere:importArts",
       "5391463de1d7f0ed"],
      ["Physlib.ClassicalMechanics.Scattering.RigidSphere transitive imports (public)",
       "026146b0cdec95fe"],
      ["Physlib.ClassicalMechanics.Scattering.RigidSphere:importArts",
       "02cda7f416d6384d"],
      ["Physlib.ClassicalMechanics.Vibrations.LinearTriatomic transitive imports (public)",
       "026146b0cdec95fe"],
      ["Physlib.ClassicalMechanics.Vibrations.LinearTriatomic:importArts",
       "509c2abc1362b4ea"],
      ["Physlib.ClassicalMechanics.WaveEquation.Basic transitive imports (public)",
       "5efa8828a9264080"],
      ["Physlib.ClassicalMechanics.WaveEquation.Basic:importArts",
       "2099fb8a99be30f5"],
      ["Physlib.ClassicalMechanics.WaveEquation.HarmonicWave transitive imports (public)",
       "553052f82a9e9b69"],
      ["Physlib.ClassicalMechanics.WaveEquation.HarmonicWave:importArts",
       "43494bb7c8205f55"],
      ["Physlib.CondensedMatter.BandTheory.Basic transitive imports (public)",
       "00000000000006bb"],
      ["Physlib.CondensedMatter.BandTheory.Basic:importArts",
       "4747b9a577cd820a"],
      ["Physlib.CondensedMatter.Basic transitive imports (public)",
       "00000000000006bb"],
      ["Physlib.CondensedMatter.Basic:importArts", "638f29754693d5ae"],
      ["Physlib.CondensedMatter.Crystal.Basic transitive imports (public)",
       "00000000000006bb"],
      ["Physlib.CondensedMatter.Crystal.Basic:importArts", "2e11d6100245505d"],
      ["Physlib.CondensedMatter.LatticeModels.Basic transitive imports (public)",
       "00000000000006bb"],
      ["Physlib.CondensedMatter.LatticeModels.Basic:importArts",
       "29fa8b8120417e59"],
      ["Physlib.CondensedMatter.ManyBody.Basic transitive imports (public)",
       "00000000000006bb"],
      ["Physlib.CondensedMatter.ManyBody.Basic:importArts", "cbb2d31e3ea06720"],
      ["Physlib.CondensedMatter.Response.Basic transitive imports (public)",
       "00000000000006bb"],
      ["Physlib.CondensedMatter.Response.Basic:importArts", "049e8443205bd1c2"],
      ["Physlib.CondensedMatter.Thermoelectric.Basic transitive imports (public)",
       "db6f4e232e0c6031"],
      ["Physlib.CondensedMatter.Thermoelectric.Basic:importArts",
       "6132bfa9bffdcd46"],
      ["Physlib.CondensedMatter.TightBindingChain.Basic transitive imports (public)",
       "2ca9d06b99796a91"],
      ["Physlib.CondensedMatter.TightBindingChain.Basic:importArts",
       "b47a1a2620976119"],
      ["Physlib.CondensedMatter.Topology.Basic transitive imports (public)",
       "00000000000006bb"],
      ["Physlib.CondensedMatter.Topology.Basic:importArts", "57d76b98d8a6c9eb"],
      ["Physlib.Cosmology.Basic transitive imports (public)",
       "00000000000006bb"],
      ["Physlib.Cosmology.Basic:importArts", "e183ca94b9d26e6f"],
      ["Physlib.Cosmology.FLRW.Basic transitive imports (public)",
       "bf9901095912824f"],
      ["Physlib.Cosmology.FLRW.Basic:importArts", "1ebf045f8e057319"],
      ["Physlib.Cosmology.FLRW.ConformalTime transitive imports (public)",
       "026146b0cdec95fe"],
      ["Physlib.Cosmology.FLRW.ConformalTime:importArts", "8011897deb5be153"],
      ["Physlib.Cosmology.FLRW.DensityParameters transitive imports (public)",
       "026146b0cdec95fe"],
      ["Physlib.Cosmology.FLRW.DensityParameters:importArts",
       "23e11395c2682ce3"],
      ["Physlib.Cosmology.FLRW.Distances transitive imports (public)",
       "026146b0cdec95fe"],
      ["Physlib.Cosmology.FLRW.Distances:importArts", "d63deedaadfee087"],
      ["Physlib.Cosmology.FLRW.Dynamics transitive imports (public)",
       "026146b0cdec95fe"],
      ["Physlib.Cosmology.FLRW.Dynamics:importArts", "e5c4379dd6c85b07"],
      ["Physlib.Cosmology.FLRW.MatterContent transitive imports (public)",
       "026146b0cdec95fe"],
      ["Physlib.Cosmology.FLRW.MatterContent:importArts", "104499af627f0da3"],
      ["Physlib.Cosmology.FLRW.Solutions transitive imports (public)",
       "026146b0cdec95fe"],
      ["Physlib.Cosmology.FLRW.Solutions:importArts", "71aeea5aa8143b57"],
      ["Physlib.Electromagnetism.Basic transitive imports (public)",
       "7e02962a2c9baf64"],
      ["Physlib.Electromagnetism.Basic:importArts", "b519b9552a8a3707"],
      ["Physlib.Electromagnetism.Charge.ChargeUnit transitive imports (public)",
       "7b4a413f787ab9ac"],
      ["Physlib.Electromagnetism.Charge.ChargeUnit:importArts",
       "ff904d616c3f82aa"],
      ["Physlib.Electromagnetism.Current.CircularCoil transitive imports (public)",
       "026146b0cdec95fe"],
      ["Physlib.Electromagnetism.Current.CircularCoil:importArts",
       "87c81a95c78cff3c"],
      ["Physlib.Electromagnetism.Current.InfiniteWire transitive imports (public)",
       "42b1a160532fa3d4"],
      ["Physlib.Electromagnetism.Current.InfiniteWire:importArts",
       "3913bb1d458e1163"],
      ["Physlib.Electromagnetism.Distributional.Basic transitive imports (public)",
       "96c6225f658cfae1"],
      ["Physlib.Electromagnetism.Distributional.Basic:importArts",
       "fae54aac3d914036"],
      ["Physlib.Electromagnetism.Distributional.Dynamics.CurrentDensity transitive imports (public)",
       "46639de68a142cab"],
      ["Physlib.Electromagnetism.Distributional.Dynamics.CurrentDensity:importArts",
       "42ca5a9f7cf20ed2"],
      ["Physlib.Electromagnetism.Distributional.Dynamics.IsExtrema transitive imports (public)",
       "3defa31a9ebc1f12"],
      ["Physlib.Electromagnetism.Distributional.Dynamics.IsExtrema:importArts",
       "4dc1012f182cc693"],
      ["Physlib.Electromagnetism.Distributional.Dynamics.KineticTerm transitive imports (public)",
       "58be0fc6a108bb07"],
      ["Physlib.Electromagnetism.Distributional.Dynamics.KineticTerm:importArts",
       "11586555f68199e4"],
      ["Physlib.Electromagnetism.Distributional.Dynamics.Lagrangian transitive imports (public)",
       "fb1ad246bb0b8712"],
      ["Physlib.Electromagnetism.Distributional.Dynamics.Lagrangian:importArts",
       "678c89bf7a660182"],
      ["Physlib.Electromagnetism.Distributional.ElectricField transitive imports (public)",
       "60caa00126fa19b0"],
      ["Physlib.Electromagnetism.Distributional.ElectricField:importArts",
       "aef9911be3a777e0"],
      ["Physlib.Electromagnetism.Distributional.FieldStrength transitive imports (public)",
       "1ad62ac1d2f0a4cb"],
      ["Physlib.Electromagnetism.Distributional.FieldStrength:importArts",
       "6b762c7e6b3c4a5d"],
      ["Physlib.Electromagnetism.Distributional.MagneticField transitive imports (public)",
       "21a11d030f475f7f"],
      ["Physlib.Electromagnetism.Distributional.MagneticField:importArts",
       "80f79ccc329b43cc"],
      ["Physlib.Electromagnetism.Distributional.ScalarPotential transitive imports (public)",
       "f8bf1230f7d39f88"],
      ["Physlib.Electromagnetism.Distributional.ScalarPotential:importArts",
       "fb9ea5833d8c730d"],
      ["Physlib.Electromagnetism.Distributional.VectorPotential transitive imports (public)",
       "f8bf1230f7d39f88"],
      ["Physlib.Electromagnetism.Distributional.VectorPotential:importArts",
       "5ad14ce3e6541c4f"],
      ["Physlib.Electromagnetism.Dynamics.Basic transitive imports (public)",
       "b90241afd951a0f4"],
      ["Physlib.Electromagnetism.Dynamics.Basic:importArts",
       "67a420b374c1a171"],
      ["Physlib.Electromagnetism.Dynamics.CurrentDensity transitive imports (public)",
       "46639de68a142cab"],
      ["Physlib.Electromagnetism.Dynamics.CurrentDensity:importArts",
       "9093e536caf5cad0"],
      ["Physlib.Electromagnetism.Dynamics.Hamiltonian transitive imports (public)",
       "a3cc693761889eaf"],
      ["Physlib.Electromagnetism.Dynamics.Hamiltonian:importArts",
       "5cf9063693b7c86c"],
      ["Physlib.Electromagnetism.Dynamics.IsExtrema transitive imports (public)",
       "a3cc693761889eaf"],
      ["Physlib.Electromagnetism.Dynamics.IsExtrema:importArts",
       "118b9b655f329136"],
      ["Physlib.Electromagnetism.Dynamics.KineticTerm transitive imports (public)",
       "edaf4e7ce360f7cc"],
      ["Physlib.Electromagnetism.Dynamics.KineticTerm:importArts",
       "29c368d70765381b"],
      ["Physlib.Electromagnetism.Dynamics.Lagrangian transitive imports (public)",
       "35c957b1096e7c89"],
      ["Physlib.Electromagnetism.Dynamics.Lagrangian:importArts",
       "18773623a059ceb8"],
      ["Physlib.Electromagnetism.Kinematics.Boosts transitive imports (public)",
       "de45723162164a7f"],
      ["Physlib.Electromagnetism.Kinematics.Boosts:importArts",
       "fb6d704a224dbb34"],
      ["Physlib.Electromagnetism.Kinematics.EMPotential transitive imports (public)",
       "6c51f38bea8abbdf"],
      ["Physlib.Electromagnetism.Kinematics.EMPotential:importArts",
       "f3d5254ce096fe20"],
      ["Physlib.Electromagnetism.Kinematics.ElectricField transitive imports (public)",
       "c9bd1a302c0389ae"],
      ["Physlib.Electromagnetism.Kinematics.ElectricField:importArts",
       "0582af546c046258"],
      ["Physlib.Electromagnetism.Kinematics.FieldStrength transitive imports (public)",
       "36ebbf1012f835a9"],
      ["Physlib.Electromagnetism.Kinematics.FieldStrength:importArts",
       "905b40ac316fc7e3"],
      ["Physlib.Electromagnetism.Kinematics.GaugeTransformation transitive imports (public)",
       "e7273510b26b9ed0"],
      ["Physlib.Electromagnetism.Kinematics.GaugeTransformation:importArts",
       "dd46894b4b98dd6b"],
      ["Physlib.Electromagnetism.Kinematics.MagneticField transitive imports (public)",
       "5022700e4be62db1"],
      ["Physlib.Electromagnetism.Kinematics.MagneticField:importArts",
       "253f15fbc339eb2d"],
      ["Physlib.Electromagnetism.Kinematics.ScalarPotential transitive imports (public)",
       "d8960a4283d97113"],
      ["Physlib.Electromagnetism.Kinematics.ScalarPotential:importArts",
       "b9530e6cd6ec4fbd"],
      ["Physlib.Electromagnetism.Kinematics.VectorPotential transitive imports (public)",
       "94b2bc41a568e88a"],
      ["Physlib.Electromagnetism.Kinematics.VectorPotential:importArts",
       "0acc6e27967df301"],
      ["Physlib.Electromagnetism.PointParticle.OneDimension transitive imports (public)",
       "21fad28c3111361e"],
      ["Physlib.Electromagnetism.PointParticle.OneDimension:importArts",
       "fd22aad6f22e5e62"],
      ["Physlib.Electromagnetism.PointParticle.ThreeDimension transitive imports (public)",
       "21fad28c3111361e"],
      ["Physlib.Electromagnetism.PointParticle.ThreeDimension:importArts",
       "f9db4b90b542a5ca"],
      ["Physlib.Electromagnetism.ThreeDimension.Basic transitive imports (public)",
       "6c438284468aae00"],
      ["Physlib.Electromagnetism.ThreeDimension.Basic:importArts",
       "0fe893f2f0c824e7"],
      ["Physlib.Electromagnetism.ThreeDimension.MaxwellEquations transitive imports (public)",
       "7ea2463970a0ccee"],
      ["Physlib.Electromagnetism.ThreeDimension.MaxwellEquations:importArts",
       "8706346df7fd7ffa"],
      ["Physlib.Electromagnetism.Vacuum.Constant transitive imports (public)",
       "c42f9bd8af37933a"],
      ["Physlib.Electromagnetism.Vacuum.Constant:importArts",
       "bb85d9b8385de4f7"],
      ["Physlib.Electromagnetism.Vacuum.HarmonicWave transitive imports (public)",
       "a32b5705538f964f"],
      ["Physlib.Electromagnetism.Vacuum.HarmonicWave:importArts",
       "adeeaecaefb35fcc"],
      ["Physlib.Electromagnetism.Vacuum.IsPlaneWave transitive imports (public)",
       "dd6b76bf215855e8"],
      ["Physlib.Electromagnetism.Vacuum.IsPlaneWave:importArts",
       "c534ebb235f0c008"],
      ["Physlib.FluidDynamics.Basic transitive imports (public)",
       "54e31345c68c1e73"],
      ["Physlib.FluidDynamics.Basic:importArts", "b97ca12c8606493b"],
      ["Physlib.FluidDynamics.CauchyFlow.Basic transitive imports (public)",
       "0efa4f580abfa0fe"],
      ["Physlib.FluidDynamics.CauchyFlow.Basic:importArts", "f11b011fbd4ed8ef"],
      ["Physlib.FluidDynamics.CauchyFlow.BodyForce transitive imports (public)",
       "c65af76541316fb5"],
      ["Physlib.FluidDynamics.CauchyFlow.BodyForce:importArts",
       "899eaa00fe9c4d4a"],
      ["Physlib.FluidDynamics.CauchyFlow.Inviscid transitive imports (public)",
       "20866399bf916482"],
      ["Physlib.FluidDynamics.CauchyFlow.Inviscid:importArts",
       "f2d8305b32764b7c"],
      ["Physlib.FluidDynamics.CauchyFlow.Momentum transitive imports (public)",
       "be8d705d65982cb5"],
      ["Physlib.FluidDynamics.CauchyFlow.Momentum:importArts",
       "2fdeb3145bdb0fb1"],
      ["Physlib.FluidDynamics.CauchyFlow.NavierStokes transitive imports (public)",
       "cbdd19f6c96b36f2"],
      ["Physlib.FluidDynamics.CauchyFlow.NavierStokes:importArts",
       "4b6b2e63389d4c6f"],
      ["Physlib.FluidDynamics.CauchyFlow.Newtonian transitive imports (public)",
       "508d302edacf8e57"],
      ["Physlib.FluidDynamics.CauchyFlow.Newtonian:importArts",
       "940cf2c671655bf5"],
      ["Physlib.FluidDynamics.Euler.Basic transitive imports (public)",
       "bfa314bc4133e1f1"],
      ["Physlib.FluidDynamics.Euler.Basic:importArts", "800a93abb34d386b"],
      ["Physlib.FluidDynamics.FluidFlow.Basic transitive imports (public)",
       "2d1e3533ee4a9226"],
      ["Physlib.FluidDynamics.FluidFlow.Basic:importArts", "05971740629f5245"],
      ["Physlib.FluidDynamics.FluidFlow.Continuity transitive imports (public)",
       "255a67dcca191520"],
      ["Physlib.FluidDynamics.FluidFlow.Continuity:importArts",
       "cc7ffcfec2c0c219"],
      ["Physlib.FluidDynamics.FluidFlow.Incompressible transitive imports (public)",
       "b8e0b84424876d9b"],
      ["Physlib.FluidDynamics.FluidFlow.Incompressible:importArts",
       "71baf039b4678881"],
      ["Physlib.FluidDynamics.FluidFlow.Kinematics transitive imports (public)",
       "85cd6fdbaeca1f09"],
      ["Physlib.FluidDynamics.FluidFlow.Kinematics:importArts",
       "b6292e6b1e656933"],
      ["Physlib.FluidDynamics.FluidFlow.Momentum transitive imports (public)",
       "82d2226b7afdcb31"],
      ["Physlib.FluidDynamics.FluidFlow.Momentum:importArts",
       "d0f7998e22d2085e"],
      ["Physlib.FluidDynamics.FluidFlow.Newtonian transitive imports (public)",
       "b8e0b84424876d9b"],
      ["Physlib.FluidDynamics.FluidFlow.Newtonian:importArts",
       "d7036a05c76b3cc5"],
      ["Physlib.FluidDynamics.ThermodynamicCauchyFlow.Basic transitive imports (public)",
       "b2773e6a8a728d41"],
      ["Physlib.FluidDynamics.ThermodynamicCauchyFlow.Basic:importArts",
       "7ade19d851acc5ba"],
      ["Physlib.FluidDynamics.ThermodynamicCauchyFlow.Bernoulli transitive imports (public)",
       "eef23ec370177882"],
      ["Physlib.FluidDynamics.ThermodynamicCauchyFlow.Bernoulli:importArts",
       "255df84dd2d9b3df"],
      ["Physlib.FluidDynamics.ThermodynamicCauchyFlow.Isentropic transitive imports (public)",
       "1587f592f5454894"],
      ["Physlib.FluidDynamics.ThermodynamicCauchyFlow.Isentropic:importArts",
       "036e22acd709374b"],
      ["Physlib.LatticeQFT.Basic transitive imports (public)",
       "00000000000006bb"],
      ["Physlib.LatticeQFT.Basic:importArts", "ea84f34007318831"],
      ["Physlib.Mathematics.Calculus.AdjFDeriv transitive imports (public)",
       "3a5767cffc89f9ce"],
      ["Physlib.Mathematics.Calculus.AdjFDeriv:importArts", "e9770558561ea736"],
      ["Physlib.Mathematics.Calculus.Divergence transitive imports (public)",
       "939cda8c90a184e7"],
      ["Physlib.Mathematics.Calculus.Divergence:importArts",
       "c8bda8e0fe18c7b7"],
      ["Physlib.Mathematics.Calculus.Gradient transitive imports (public)",
       "81c5b1da4c8995a4"],
      ["Physlib.Mathematics.Calculus.Gradient:importArts", "b56d9919d296f3bb"],
      ["Physlib.Mathematics.Calculus.ParametricIntegration transitive imports (public)",
       "dddeec48ccd6d4c2"],
      ["Physlib.Mathematics.Calculus.ParametricIntegration:importArts",
       "cffcdaa7ea5f42bb"],
      ["Physlib.Mathematics.Calculus.Wirtinger.Basic transitive imports (public)",
       "8e8b93ecb4075d35"],
      ["Physlib.Mathematics.Calculus.Wirtinger.Basic:importArts",
       "428617741b8890e3"],
      ["Physlib.Mathematics.Calculus.Wirtinger.Coordinate transitive imports (public)",
       "02e655e9ec88105f"],
      ["Physlib.Mathematics.Calculus.Wirtinger.Coordinate:importArts",
       "3f67d2396ba3f8ad"],
      ["Physlib.Mathematics.ConjModule transitive imports (public)",
       "30f26d877bccf467"],
      ["Physlib.Mathematics.ConjModule:importArts", "6e205cf45e8351c3"],
      ["Physlib.Mathematics.CrossProduct transitive imports (public)",
       "790e7a2e03e0c82d"],
      ["Physlib.Mathematics.CrossProduct:importArts", "91ef3defd16adc1f"],
      ["Physlib.Mathematics.CrossProductMatrix transitive imports (public)",
       "7cfe937551c751cd"],
      ["Physlib.Mathematics.CrossProductMatrix:importArts", "738b7a540a559981"],
      ["Physlib.Mathematics.DataStructures.FourTree.Basic transitive imports (public)",
       "6cb17bcd8a2801cf"],
      ["Physlib.Mathematics.DataStructures.FourTree.Basic:importArts",
       "c29646b0bc569ff7"],
      ["Physlib.Mathematics.DataStructures.FourTree.UniqueMap transitive imports (public)",
       "5ea78b64062f3a2a"],
      ["Physlib.Mathematics.DataStructures.FourTree.UniqueMap:importArts",
       "0836e294ff5e4d1a"],
      ["Physlib.Mathematics.DataStructures.Matrix.LieTrace transitive imports (public)",
       "a1890b04c1b34126"],
      ["Physlib.Mathematics.DataStructures.Matrix.LieTrace:importArts",
       "0bf40c06c5604d33"],
      ["Physlib.Mathematics.Distribution.Basic transitive imports (public)",
       "9d462519a515841b"],
      ["Physlib.Mathematics.Distribution.Basic:importArts", "9f44c240d357eca6"],
      ["Physlib.Mathematics.Distribution.PowMul transitive imports (public)",
       "8015e7dcd3690924"],
      ["Physlib.Mathematics.Distribution.PowMul:importArts",
       "fa3e7f71225a1372"],
      ["Physlib.Mathematics.FDerivCurry transitive imports (public)",
       "39c6b4c0e091eeb6"],
      ["Physlib.Mathematics.FDerivCurry:importArts", "8a8ef9505b0fcc04"],
      ["Physlib.Mathematics.Fin transitive imports (public)",
       "7585dc05c249f0a1"],
      ["Physlib.Mathematics.Fin:importArts", "6f9443a9fda7d2c4"],
      ["Physlib.Mathematics.Fin.Involutions transitive imports (public)",
       "6cd1aa6f67b678e4"],
      ["Physlib.Mathematics.Fin.Involutions:importArts", "b0a52bf02d8b6462"],
      ["Physlib.Mathematics.Geometry.Metric.PseudoRiemannian.Defs transitive imports (public)",
       "53248a7669be6393"],
      ["Physlib.Mathematics.Geometry.Metric.PseudoRiemannian.Defs:importArts",
       "c403a9272409c7b9"],
      ["Physlib.Mathematics.Geometry.Metric.Riemannian.Defs transitive imports (public)",
       "bf33387397051ca7"],
      ["Physlib.Mathematics.Geometry.Metric.Riemannian.Defs:importArts",
       "10edf4d6b315fd6e"],
      ["Physlib.Mathematics.HasTemperateGrowth transitive imports (public)",
       "7a88ee117c3c09d6"],
      ["Physlib.Mathematics.HasTemperateGrowth:importArts", "fdc09c096d97d04c"],
      ["Physlib.Mathematics.InnerProductSpace.Adjoint transitive imports (public)",
       "b66bcc65eeeea5bf"],
      ["Physlib.Mathematics.InnerProductSpace.Adjoint:importArts",
       "dafd98710a4cd218"],
      ["Physlib.Mathematics.InnerProductSpace.Basic transitive imports (public)",
       "8834b7d38545fde6"],
      ["Physlib.Mathematics.InnerProductSpace.Basic:importArts",
       "4f203dfa0cf7b40c"],
      ["Physlib.Mathematics.InnerProductSpace.Calculus transitive imports (public)",
       "86a4a2971995185a"],
      ["Physlib.Mathematics.InnerProductSpace.Calculus:importArts",
       "3eb1206e38c3b782"],
      ["Physlib.Mathematics.InnerProductSpace.Gaussian transitive imports (public)",
       "188f3f2ec73a962a"],
      ["Physlib.Mathematics.InnerProductSpace.Gaussian:importArts",
       "84b07a51ba41430c"],
      ["Physlib.Mathematics.InnerProductSpace.Submodule transitive imports (public)",
       "5be607d7bf4d40bf"],
      ["Physlib.Mathematics.InnerProductSpace.Submodule:importArts",
       "41c62153644e26cf"],
      ["Physlib.Mathematics.KroneckerDelta.Basic transitive imports (public)",
       "0847e4b49792fc1d"],
      ["Physlib.Mathematics.KroneckerDelta.Basic:importArts",
       "c52ab372cf93d6df"],
      ["Physlib.Mathematics.KroneckerDelta.Contraction transitive imports (public)",
       "15926461af8c8e66"],
      ["Physlib.Mathematics.KroneckerDelta.Contraction:importArts",
       "44e543e5142bd24c"],
      ["Physlib.Mathematics.LeviCivita.Basic transitive imports (public)",
       "a5926c13416397dc"],
      ["Physlib.Mathematics.LeviCivita.Basic:importArts", "4be4a870f627b2f3"],
      ["Physlib.Mathematics.LinearMaps transitive imports (public)",
       "5ec3fd44e2211b08"],
      ["Physlib.Mathematics.LinearMaps:importArts", "1feaf89d479ccf45"],
      ["Physlib.Mathematics.LinearPMap transitive imports (public)",
       "5be607d7bf4d40bf"],
      ["Physlib.Mathematics.LinearPMap:importArts", "b44a02cc91c81e11"],
      ["Physlib.Mathematics.List transitive imports (public)",
       "c42d8633bb518d85"],
      ["Physlib.Mathematics.List:importArts", "8290dfcd9891e4d9"],
      ["Physlib.Mathematics.List.InsertIdx transitive imports (public)",
       "63346776ba7027cd"],
      ["Physlib.Mathematics.List.InsertIdx:importArts", "27c9696448d2bdd7"],
      ["Physlib.Mathematics.List.InsertionSort transitive imports (public)",
       "617e05330d16cbb0"],
      ["Physlib.Mathematics.List.InsertionSort:importArts", "cd93fbf9142fe25b"],
      ["Physlib.Mathematics.OneParameterSubgroups.Basic transitive imports (public)",
       "eb898d6b6d19882f"],
      ["Physlib.Mathematics.OneParameterSubgroups.Basic:importArts",
       "4cbadd387a0e8bc5"],
      ["Physlib.Mathematics.OneParameterSubgroups.Unitary transitive imports (public)",
       "840b6f526f06ecc9"],
      ["Physlib.Mathematics.OneParameterSubgroups.Unitary:importArts",
       "bacb8fd42f7a7556"],
      ["Physlib.Mathematics.OrthogonalMatrix transitive imports (public)",
       "e8ba76554f0d1efe"],
      ["Physlib.Mathematics.OrthogonalMatrix:importArts", "2faed9517d62e80e"],
      ["Physlib.Mathematics.PiTensorProduct transitive imports (public)",
       "1b900ecb7248018c"],
      ["Physlib.Mathematics.PiTensorProduct:importArts", "2ee75b9169543147"],
      ["Physlib.Mathematics.RatComplexNum transitive imports (public)",
       "169fbe15953c7090"],
      ["Physlib.Mathematics.RatComplexNum:importArts", "3ed628460a35a5d9"],
      ["Physlib.Mathematics.Resolvent transitive imports (public)",
       "b7833bcc83abf941"],
      ["Physlib.Mathematics.Resolvent:importArts", "08326af2f8b8e23d"],
      ["Physlib.Mathematics.SO3.Basic transitive imports (public)",
       "aab725a8786922bc"],
      ["Physlib.Mathematics.SO3.Basic:importArts", "c76ce40583ce6463"],
      ["Physlib.Mathematics.SchurTriangulation transitive imports (public)",
       "971d7e4236e2c8b6"],
      ["Physlib.Mathematics.SchurTriangulation:importArts", "d296f40b2446023b"],
      ["Physlib.Mathematics.SpecialFunctions.EllipticIntegral transitive imports (public)",
       "76009b13b5337f10"],
      ["Physlib.Mathematics.SpecialFunctions.EllipticIntegral:importArts",
       "f21a78475ec0f6fa"],
      ["Physlib.Mathematics.SpecialFunctions.PhysHermite transitive imports (public)",
       "ecd02733113f8fe2"],
      ["Physlib.Mathematics.SpecialFunctions.PhysHermite:importArts",
       "aa7a958a82efd8b7"],
      ["Physlib.Mathematics.Trigonometry.SinSq transitive imports (public)",
       "f6851f8b3867dab4"],
      ["Physlib.Mathematics.Trigonometry.SinSq:importArts", "3c25ed08e9e1e63c"],
      ["Physlib.Mathematics.Trigonometry.Tanh transitive imports (public)",
       "a4eefd57c8da9642"],
      ["Physlib.Mathematics.Trigonometry.Tanh:importArts", "f15d685899a60757"],
      ["Physlib.Mathematics.VariationalCalculus.Basic transitive imports (public)",
       "23872830b9f48387"],
      ["Physlib.Mathematics.VariationalCalculus.Basic:importArts",
       "2b691b6820d8e374"],
      ["Physlib.Mathematics.VariationalCalculus.HasVarAdjDeriv transitive imports (public)",
       "efd0d33dbc943aac"],
      ["Physlib.Mathematics.VariationalCalculus.HasVarAdjDeriv:importArts",
       "f9364ae7ccea4d24"],
      ["Physlib.Mathematics.VariationalCalculus.HasVarAdjoint transitive imports (public)",
       "fade718a5a094b1b"],
      ["Physlib.Mathematics.VariationalCalculus.HasVarAdjoint:importArts",
       "d84f53d55b4837d4"],
      ["Physlib.Mathematics.VariationalCalculus.HasVarGradient transitive imports (public)",
       "b4ad3392a9915bb9"],
      ["Physlib.Mathematics.VariationalCalculus.HasVarGradient:importArts",
       "c60210361276e19b"],
      ["Physlib.Mathematics.VariationalCalculus.IsLocalizedfunctionTransform transitive imports (public)",
       "52611b8659cffe1c"],
      ["Physlib.Mathematics.VariationalCalculus.IsLocalizedfunctionTransform:importArts",
       "b748a73c812d18d7"],
      ["Physlib.Mathematics.VariationalCalculus.IsTestFunction transitive imports (public)",
       "a9453be18cfce17b"],
      ["Physlib.Mathematics.VariationalCalculus.IsTestFunction:importArts",
       "18f5df10409d0dfb"],
      ["Physlib.Meta.AllFilePaths transitive imports (public)",
       "026146b0cdec95fe"],
      ["Physlib.Meta.AllFilePaths:importArts", "540ddef663f8e1e2"],
      ["Physlib.Meta.Basic transitive imports (public)", "38e83950c388d3ff"],
      ["Physlib.Meta.Basic:importArts", "a8470fe3dd1e4751"],
      ["Physlib.Meta.Informal.Basic transitive imports (public)",
       "00000000000006bb"],
      ["Physlib.Meta.Informal.Basic:importArts", "07c6e10b858a538e"],
      ["Physlib.Meta.Informal.Post transitive imports (public)",
       "bf958760edfef383"],
      ["Physlib.Meta.Informal.Post:importArts", "7de1265b69dc6053"],
      ["Physlib.Meta.Informal.SemiFormal transitive imports (public)",
       "00000000000006bb"],
      ["Physlib.Meta.Informal.SemiFormal:importArts", "4251c63609fed5cf"],
      ["Physlib.Meta.Linters.DefsWithUnderscore transitive imports (public)",
       "64c7dd2fed25a4d5"],
      ["Physlib.Meta.Linters.DefsWithUnderscore:importArts",
       "5995da0f7311494f"],
      ["Physlib.Meta.Linters.Sorry transitive imports (public)",
       "a9eab024bc6dcef2"],
      ["Physlib.Meta.Linters.Sorry:importArts", "35fe7de55a6740fc"],
      ["Physlib.Meta.Notes.Basic transitive imports (public)",
       "00000000000006bb"],
      ["Physlib.Meta.Notes.Basic:importArts", "b002dd597fd7a8a7"],
      ["Physlib.Meta.Notes.HTMLNote transitive imports (public)",
       "7ba8688feea4f5bb"],
      ["Physlib.Meta.Notes.HTMLNote:importArts", "cf7aa07ab1817130"],
      ["Physlib.Meta.Notes.NoteFile transitive imports (public)",
       "00000000000006bb"],
      ["Physlib.Meta.Notes.NoteFile:importArts", "d5dffb8164f14617"],
      ["Physlib.Meta.Notes.ToHTML transitive imports (public)",
       "49946a9985c83be5"],
      ["Physlib.Meta.Notes.ToHTML:importArts", "7cfa715678f2c0be"],
      ["Physlib.Meta.Remark.Basic transitive imports (public)",
       "00000000000006bb"],
      ["Physlib.Meta.Remark.Basic:importArts", "6a04694430b9ae86"],
      ["Physlib.Meta.Remark.Properties transitive imports (public)",
       "16bc07d52fc227c0"],
      ["Physlib.Meta.Remark.Properties:importArts", "8c62f793ab3d527d"],
      ["Physlib.Meta.Sorry transitive imports (public)", "7ea9df3b2277f642"],
      ["Physlib.Meta.Sorry:importArts", "bedf3896b96d91ae"],
      ["Physlib.Meta.TODO.Basic transitive imports (public)",
       "00000000000006bb"],
      ["Physlib.Meta.TODO.Basic:importArts", "00cee186cb0fb022"],
      ["Physlib.Meta.TODO.Global transitive imports (public)",
       "026146b0cdec95fe"],
      ["Physlib.Meta.TODO.Global:importArts", "cbf9932154d932ae"],
      ["Physlib.Meta.TransverseTactics transitive imports (public)",
       "026146b0cdec95fe"],
      ["Physlib.Meta.TransverseTactics:importArts", "2764052238c7d9ef"],
      ["Physlib.Optics.Basic transitive imports (public)", "00000000000006bb"],
      ["Physlib.Optics.Basic:importArts", "d410a673d98cc652"],
      ["Physlib.Optics.Polarization.Basic transitive imports (public)",
       "00000000000006bb"],
      ["Physlib.Optics.Polarization.Basic:importArts", "49bc185e39d54d52"],
      ["Physlib.Particles.BeyondTheStandardModel.GeorgiGlashow.Basic transitive imports (public)",
       "7e86e11221235b15"],
      ["Physlib.Particles.BeyondTheStandardModel.GeorgiGlashow.Basic:importArts",
       "7a3cca4c9663a077"],
      ["Physlib.Particles.BeyondTheStandardModel.PatiSalam.Basic transitive imports (public)",
       "7e86e11221235b15"],
      ["Physlib.Particles.BeyondTheStandardModel.PatiSalam.Basic:importArts",
       "e5f159babb8c18ef"],
      ["Physlib.Particles.BeyondTheStandardModel.RHN.AnomalyCancellation.Basic transitive imports (public)",
       "e68109bb63e6fc7d"],
      ["Physlib.Particles.BeyondTheStandardModel.RHN.AnomalyCancellation.Basic:importArts",
       "f8c448a9578fcfa9"],
      ["Physlib.Particles.BeyondTheStandardModel.RHN.AnomalyCancellation.FamilyMaps transitive imports (public)",
       "f5606aee4337d886"],
      ["Physlib.Particles.BeyondTheStandardModel.RHN.AnomalyCancellation.FamilyMaps:importArts",
       "3d6074cf6980b5da"],
      ["Physlib.Particles.BeyondTheStandardModel.RHN.AnomalyCancellation.NoGrav.Basic transitive imports (public)",
       "d5d19eaba009f10e"],
      ["Physlib.Particles.BeyondTheStandardModel.RHN.AnomalyCancellation.NoGrav.Basic:importArts",
       "79d7d7255565483c"],
      ["Physlib.Particles.BeyondTheStandardModel.RHN.AnomalyCancellation.Ordinary.Basic transitive imports (public)",
       "d5d19eaba009f10e"],
      ["Physlib.Particles.BeyondTheStandardModel.RHN.AnomalyCancellation.Ordinary.Basic:importArts",
       "73f6f3e4ac78229e"],
      ["Physlib.Particles.BeyondTheStandardModel.RHN.AnomalyCancellation.Ordinary.DimSevenPlane transitive imports (public)",
       "f721ebf3f1be1cb0"],
      ["Physlib.Particles.BeyondTheStandardModel.RHN.AnomalyCancellation.Ordinary.DimSevenPlane:importArts",
       "71d4ece3c55b2288"],
      ["Physlib.Particles.BeyondTheStandardModel.RHN.AnomalyCancellation.Ordinary.FamilyMaps transitive imports (public)",
       "c6bc26282917713f"],
      ["Physlib.Particles.BeyondTheStandardModel.RHN.AnomalyCancellation.Ordinary.FamilyMaps:importArts",
       "58d399255eac294b"],
      ["Physlib.Particles.BeyondTheStandardModel.RHN.AnomalyCancellation.Permutations transitive imports (public)",
       "c4e1ee81e0fe5202"],
      ["Physlib.Particles.BeyondTheStandardModel.RHN.AnomalyCancellation.Permutations:importArts",
       "c87987a77b793a00"],
      ["Physlib.Particles.BeyondTheStandardModel.RHN.AnomalyCancellation.PlusU1.BMinusL transitive imports (public)",
       "ce67bbee80f07f06"],
      ["Physlib.Particles.BeyondTheStandardModel.RHN.AnomalyCancellation.PlusU1.BMinusL:importArts",
       "07c0407cfb2c90db"],
      ["Physlib.Particles.BeyondTheStandardModel.RHN.AnomalyCancellation.PlusU1.Basic transitive imports (public)",
       "d5d19eaba009f10e"],
      ["Physlib.Particles.BeyondTheStandardModel.RHN.AnomalyCancellation.PlusU1.Basic:importArts",
       "10f0df16bd6f4a14"],
      ["Physlib.Particles.BeyondTheStandardModel.RHN.AnomalyCancellation.PlusU1.BoundPlaneDim transitive imports (public)",
       "a77a919222eebf3c"],
      ["Physlib.Particles.BeyondTheStandardModel.RHN.AnomalyCancellation.PlusU1.BoundPlaneDim:importArts",
       "580df3180c9f68a4"],
      ["Physlib.Particles.BeyondTheStandardModel.RHN.AnomalyCancellation.PlusU1.FamilyMaps transitive imports (public)",
       "ade3fbb645a3b540"],
      ["Physlib.Particles.BeyondTheStandardModel.RHN.AnomalyCancellation.PlusU1.FamilyMaps:importArts",
       "c2500e4f2cc473b4"],
      ["Physlib.Particles.BeyondTheStandardModel.RHN.AnomalyCancellation.PlusU1.HyperCharge transitive imports (public)",
       "ce67bbee80f07f06"],
      ["Physlib.Particles.BeyondTheStandardModel.RHN.AnomalyCancellation.PlusU1.HyperCharge:importArts",
       "bf5ce32d4e1dfa0a"],
      ["Physlib.Particles.BeyondTheStandardModel.RHN.AnomalyCancellation.PlusU1.PlaneNonSols transitive imports (public)",
       "4360d42a255dbb23"],
      ["Physlib.Particles.BeyondTheStandardModel.RHN.AnomalyCancellation.PlusU1.PlaneNonSols:importArts",
       "9757fe7a602465af"],
      ["Physlib.Particles.BeyondTheStandardModel.RHN.AnomalyCancellation.PlusU1.QuadSol transitive imports (public)",
       "490b38beaa68edbf"],
      ["Physlib.Particles.BeyondTheStandardModel.RHN.AnomalyCancellation.PlusU1.QuadSol:importArts",
       "d89c8d4d3fd7321d"],
      ["Physlib.Particles.BeyondTheStandardModel.RHN.AnomalyCancellation.PlusU1.QuadSolToSol transitive imports (public)",
       "4b3696274a22f66a"],
      ["Physlib.Particles.BeyondTheStandardModel.RHN.AnomalyCancellation.PlusU1.QuadSolToSol:importArts",
       "c19a683338165e08"],
      ["Physlib.Particles.BeyondTheStandardModel.Spin10.Basic transitive imports (public)",
       "cdc106ae76860c23"],
      ["Physlib.Particles.BeyondTheStandardModel.Spin10.Basic:importArts",
       "12251efd165f3730"],
      ["Physlib.Particles.BeyondTheStandardModel.TwoHDM.Basic transitive imports (public)",
       "bd8cd916ff9e05d0"],
      ["Physlib.Particles.BeyondTheStandardModel.TwoHDM.Basic:importArts",
       "8d4065ee54bf2f9b"],
      ["Physlib.Particles.BeyondTheStandardModel.TwoHDM.GramMatrix transitive imports (public)",
       "60947e0ed7b4de05"],
      ["Physlib.Particles.BeyondTheStandardModel.TwoHDM.GramMatrix:importArts",
       "e553121f09337dac"],
      ["Physlib.Particles.BeyondTheStandardModel.TwoHDM.Potential transitive imports (public)",
       "952abd901d6d237b"],
      ["Physlib.Particles.BeyondTheStandardModel.TwoHDM.Potential:importArts",
       "83d832afb5231c2d"],
      ["Physlib.Particles.FlavorPhysics.CKMMatrix.Basic transitive imports (public)",
       "2fcc40f54005175b"],
      ["Physlib.Particles.FlavorPhysics.CKMMatrix.Basic:importArts",
       "30a73aa36cd141a5"],
      ["Physlib.Particles.FlavorPhysics.CKMMatrix.Invariants transitive imports (public)",
       "3f99fcc0daaf1515"],
      ["Physlib.Particles.FlavorPhysics.CKMMatrix.Invariants:importArts",
       "c5c509baa64fc19c"],
      ["Physlib.Particles.FlavorPhysics.CKMMatrix.PhaseFreedom transitive imports (public)",
       "eb94cf5838ee2c1c"],
      ["Physlib.Particles.FlavorPhysics.CKMMatrix.PhaseFreedom:importArts",
       "a84c2f58245f3579"],
      ["Physlib.Particles.FlavorPhysics.CKMMatrix.Relations transitive imports (public)",
       "72ed191a8d5c1603"],
      ["Physlib.Particles.FlavorPhysics.CKMMatrix.Relations:importArts",
       "09f0861dd6f44530"],
      ["Physlib.Particles.FlavorPhysics.CKMMatrix.Rows transitive imports (public)",
       "20c2bd9173fca9bb"],
      ["Physlib.Particles.FlavorPhysics.CKMMatrix.Rows:importArts",
       "b183de06e6b9c596"],
      ["Physlib.Particles.FlavorPhysics.CKMMatrix.StandardParameterization.Basic transitive imports (public)",
       "ac71997eb6ee13c3"],
      ["Physlib.Particles.FlavorPhysics.CKMMatrix.StandardParameterization.Basic:importArts",
       "d0c825bd399b42e4"],
      ["Physlib.Particles.FlavorPhysics.CKMMatrix.StandardParameterization.StandardParameters transitive imports (public)",
       "6b3babc39ff5b168"],
      ["Physlib.Particles.FlavorPhysics.CKMMatrix.StandardParameterization.StandardParameters:importArts",
       "8e89efbb1081a377"],
      ["Physlib.Particles.NeutrinoPhysics.Basic transitive imports (public)",
       "a0530a4c97360ba6"],
      ["Physlib.Particles.NeutrinoPhysics.Basic:importArts",
       "fbb7628b78f157b9"],
      ["Physlib.Particles.StandardModel.AnomalyCancellation.Basic transitive imports (public)",
       "e589be1527fb9a31"],
      ["Physlib.Particles.StandardModel.AnomalyCancellation.Basic:importArts",
       "b76bd907f6a2eb46"],
      ["Physlib.Particles.StandardModel.AnomalyCancellation.FamilyMaps transitive imports (public)",
       "daef651c01ff2c63"],
      ["Physlib.Particles.StandardModel.AnomalyCancellation.FamilyMaps:importArts",
       "7557aaef31cee0d8"],
      ["Physlib.Particles.StandardModel.AnomalyCancellation.NoGrav.Basic transitive imports (public)",
       "daef651c01ff2c63"],
      ["Physlib.Particles.StandardModel.AnomalyCancellation.NoGrav.Basic:importArts",
       "b8b440e7152b13df"],
      ["Physlib.Particles.StandardModel.AnomalyCancellation.NoGrav.One.Lemmas transitive imports (public)",
       "edb79213eb7ba76a"],
      ["Physlib.Particles.StandardModel.AnomalyCancellation.NoGrav.One.Lemmas:importArts",
       "5ba11ec8b9dfc587"],
      ["Physlib.Particles.StandardModel.AnomalyCancellation.NoGrav.One.LinearParameterization transitive imports (public)",
       "a967293676610ec6"],
      ["Physlib.Particles.StandardModel.AnomalyCancellation.NoGrav.One.LinearParameterization:importArts",
       "ec7fb3a27f7d88ad"],
      ["Physlib.Particles.StandardModel.AnomalyCancellation.Permutations transitive imports (public)",
       "c64c7ca701ea3aef"],
      ["Physlib.Particles.StandardModel.AnomalyCancellation.Permutations:importArts",
       "475acd9fe03c3969"],
      ["Physlib.Particles.StandardModel.Basic transitive imports (public)",
       "2435c8cca4350c49"],
      ["Physlib.Particles.StandardModel.Basic:importArts", "4751a4116a666b43"],
      ["Physlib.Particles.StandardModel.Fermions.DownSinglet transitive imports (public)",
       "6b1d4887ffb8959d"],
      ["Physlib.Particles.StandardModel.Fermions.DownSinglet:importArts",
       "5f19bd9b15839270"],
      ["Physlib.Particles.StandardModel.Fermions.LeptonDoublet transitive imports (public)",
       "6b1d4887ffb8959d"],
      ["Physlib.Particles.StandardModel.Fermions.LeptonDoublet:importArts",
       "2281e904b3014c7a"],
      ["Physlib.Particles.StandardModel.Fermions.LeptonSinglet transitive imports (public)",
       "6b1d4887ffb8959d"],
      ["Physlib.Particles.StandardModel.Fermions.LeptonSinglet:importArts",
       "6c2cd69204b75fff"],
      ["Physlib.Particles.StandardModel.Fermions.QuarkDoublet transitive imports (public)",
       "db7aae7df28a4ec5"],
      ["Physlib.Particles.StandardModel.Fermions.QuarkDoublet:importArts",
       "cfda4971c76fd4bb"],
      ["Physlib.Particles.StandardModel.Fermions.UpSinglet transitive imports (public)",
       "6b1d4887ffb8959d"],
      ["Physlib.Particles.StandardModel.Fermions.UpSinglet:importArts",
       "0083020cc8f5c604"],
      ["Physlib.Particles.StandardModel.HiggsBoson.Basic transitive imports (public)",
       "e9763a678560c289"],
      ["Physlib.Particles.StandardModel.HiggsBoson.Basic:importArts",
       "c1d4d8040849b187"],
      ["Physlib.Particles.StandardModel.HiggsBoson.EffectivePotential transitive imports (public)",
       "08e928d0d0adedf1"],
      ["Physlib.Particles.StandardModel.HiggsBoson.EffectivePotential:importArts",
       "d6f9049fb8ef1fbe"],
      ["Physlib.Particles.StandardModel.HiggsBoson.Potential transitive imports (public)",
       "08e928d0d0adedf1"],
      ["Physlib.Particles.StandardModel.HiggsBoson.Potential:importArts",
       "2838236df5379644"],
      ["Physlib.Particles.StandardModel.Representations transitive imports (public)",
       "9b48bf7ebdb941b4"],
      ["Physlib.Particles.StandardModel.Representations:importArts",
       "c39ac95d200a7f78"],
      ["Physlib.Particles.SuperSymmetry.MSSMNu.AnomalyCancellation.B3 transitive imports (public)",
       "884fe3dd61f8dba8"],
      ["Physlib.Particles.SuperSymmetry.MSSMNu.AnomalyCancellation.B3:importArts",
       "7bc482891ad9ce32"],
      ["Physlib.Particles.SuperSymmetry.MSSMNu.AnomalyCancellation.Basic transitive imports (public)",
       "e68109bb63e6fc7d"],
      ["Physlib.Particles.SuperSymmetry.MSSMNu.AnomalyCancellation.Basic:importArts",
       "a818cdb8d1ec7b5d"],
      ["Physlib.Particles.SuperSymmetry.MSSMNu.AnomalyCancellation.HyperCharge transitive imports (public)",
       "5aee2a98ffc4d96c"],
      ["Physlib.Particles.SuperSymmetry.MSSMNu.AnomalyCancellation.HyperCharge:importArts",
       "a247c382903c646a"],
      ["Physlib.Particles.SuperSymmetry.MSSMNu.AnomalyCancellation.LineY3B3 transitive imports (public)",
       "cdfc91a268396858"],
      ["Physlib.Particles.SuperSymmetry.MSSMNu.AnomalyCancellation.LineY3B3:importArts",
       "b35102705b79970d"],
      ["Physlib.Particles.SuperSymmetry.MSSMNu.AnomalyCancellation.OrthogY3B3.Basic transitive imports (public)",
       "708b9c6661a0831d"],
      ["Physlib.Particles.SuperSymmetry.MSSMNu.AnomalyCancellation.OrthogY3B3.Basic:importArts",
       "ba0f8ad74f6654cf"],
      ["Physlib.Particles.SuperSymmetry.MSSMNu.AnomalyCancellation.OrthogY3B3.PlaneWithY3B3 transitive imports (public)",
       "cdb5ffc8b4f1d744"],
      ["Physlib.Particles.SuperSymmetry.MSSMNu.AnomalyCancellation.OrthogY3B3.PlaneWithY3B3:importArts",
       "deed5c94cf358f31"],
      ["Physlib.Particles.SuperSymmetry.MSSMNu.AnomalyCancellation.OrthogY3B3.ToSols transitive imports (public)",
       "deacaed77165d277"],
      ["Physlib.Particles.SuperSymmetry.MSSMNu.AnomalyCancellation.OrthogY3B3.ToSols:importArts",
       "ec491f65a4b4088a"],
      ["Physlib.Particles.SuperSymmetry.MSSMNu.AnomalyCancellation.Permutations transitive imports (public)",
       "007bad33ba925f48"],
      ["Physlib.Particles.SuperSymmetry.MSSMNu.AnomalyCancellation.Permutations:importArts",
       "9b3d421439925a86"],
      ["Physlib.Particles.SuperSymmetry.MSSMNu.AnomalyCancellation.Y3 transitive imports (public)",
       "884fe3dd61f8dba8"],
      ["Physlib.Particles.SuperSymmetry.MSSMNu.AnomalyCancellation.Y3:importArts",
       "220e9ee852560d85"],
      ["Physlib.Particles.SuperSymmetry.N1.Basic transitive imports (public)",
       "b20eeab6f5e4e5c7"],
      ["Physlib.Particles.SuperSymmetry.N1.Basic:importArts",
       "f2ded674059dc96f"],
      ["Physlib.Particles.SuperSymmetry.SU5.ChargeSpectrum.AllowsTerm transitive imports (public)",
       "edc80f26e4b2f2da"],
      ["Physlib.Particles.SuperSymmetry.SU5.ChargeSpectrum.AllowsTerm:importArts",
       "8f2354929b22fd2a"],
      ["Physlib.Particles.SuperSymmetry.SU5.ChargeSpectrum.Basic transitive imports (public)",
       "1cb88d876b88f8ac"],
      ["Physlib.Particles.SuperSymmetry.SU5.ChargeSpectrum.Basic:importArts",
       "7b2db0bed9f13a0f"],
      ["Physlib.Particles.SuperSymmetry.SU5.ChargeSpectrum.Completions transitive imports (public)",
       "0d84e68ac90dc830"],
      ["Physlib.Particles.SuperSymmetry.SU5.ChargeSpectrum.Completions:importArts",
       "75723358315006be"],
      ["Physlib.Particles.SuperSymmetry.SU5.ChargeSpectrum.Map transitive imports (public)",
       "e3ca93af945c60ab"],
      ["Physlib.Particles.SuperSymmetry.SU5.ChargeSpectrum.Map:importArts",
       "ec842d5a00418594"],
      ["Physlib.Particles.SuperSymmetry.SU5.ChargeSpectrum.MinimalSuperSet transitive imports (public)",
       "a87292edfa1dba7f"],
      ["Physlib.Particles.SuperSymmetry.SU5.ChargeSpectrum.MinimalSuperSet:importArts",
       "354624b13c7c0d0f"],
      ["Physlib.Particles.SuperSymmetry.SU5.ChargeSpectrum.MinimallyAllowsTerm.Basic transitive imports (public)",
       "c86a321670c511ea"],
      ["Physlib.Particles.SuperSymmetry.SU5.ChargeSpectrum.MinimallyAllowsTerm.Basic:importArts",
       "8a1d5d6abef60286"],
      ["Physlib.Particles.SuperSymmetry.SU5.ChargeSpectrum.MinimallyAllowsTerm.FinsetTerms transitive imports (public)",
       "5575262877ed4ace"],
      ["Physlib.Particles.SuperSymmetry.SU5.ChargeSpectrum.MinimallyAllowsTerm.FinsetTerms:importArts",
       "38b504df141a695e"],
      ["Physlib.Particles.SuperSymmetry.SU5.ChargeSpectrum.MinimallyAllowsTerm.OfFinset transitive imports (public)",
       "dd370be6553a0423"],
      ["Physlib.Particles.SuperSymmetry.SU5.ChargeSpectrum.MinimallyAllowsTerm.OfFinset:importArts",
       "7aeff196d89fee91"],
      ["Physlib.Particles.SuperSymmetry.SU5.ChargeSpectrum.OfFieldLabel transitive imports (public)",
       "b231a2778afd7e12"],
      ["Physlib.Particles.SuperSymmetry.SU5.ChargeSpectrum.OfFieldLabel:importArts",
       "c56cbe91082cc498"],
      ["Physlib.Particles.SuperSymmetry.SU5.ChargeSpectrum.OfPotentialTerm transitive imports (public)",
       "2c29481d6f901498"],
      ["Physlib.Particles.SuperSymmetry.SU5.ChargeSpectrum.OfPotentialTerm:importArts",
       "df0b260e87a34a55"],
      ["Physlib.Particles.SuperSymmetry.SU5.ChargeSpectrum.PhenoClosed transitive imports (public)",
       "3f0416b316551ed6"],
      ["Physlib.Particles.SuperSymmetry.SU5.ChargeSpectrum.PhenoClosed:importArts",
       "0b55c0ed40c94843"],
      ["Physlib.Particles.SuperSymmetry.SU5.ChargeSpectrum.PhenoConstrained transitive imports (public)",
       "c86a321670c511ea"],
      ["Physlib.Particles.SuperSymmetry.SU5.ChargeSpectrum.PhenoConstrained:importArts",
       "60fc522b212ce150"],
      ["Physlib.Particles.SuperSymmetry.SU5.ChargeSpectrum.Yukawa transitive imports (public)",
       "5fdde3d1573ca8a1"],
      ["Physlib.Particles.SuperSymmetry.SU5.ChargeSpectrum.Yukawa:importArts",
       "3c613ac2c6721594"],
      ["Physlib.Particles.SuperSymmetry.SU5.ChargeSpectrum.ZMod transitive imports (public)",
       "ce0949141555b827"],
      ["Physlib.Particles.SuperSymmetry.SU5.ChargeSpectrum.ZMod:importArts",
       "b16d09cc1c4e8754"],
      ["Physlib.Particles.SuperSymmetry.SU5.FieldLabels transitive imports (public)",
       "04d27fd073a0f01a"],
      ["Physlib.Particles.SuperSymmetry.SU5.FieldLabels:importArts",
       "42cc9a0ab75510e3"],
      ["Physlib.Particles.SuperSymmetry.SU5.Potential transitive imports (public)",
       "64ffd056e1d9136d"],
      ["Physlib.Particles.SuperSymmetry.SU5.Potential:importArts",
       "083f3600c3ccb840"],
      ["Physlib.QFT.AnomalyCancellation.Basic transitive imports (public)",
       "042fd1ec70c72546"],
      ["Physlib.QFT.AnomalyCancellation.Basic:importArts", "27d9faf781d564b9"],
      ["Physlib.QFT.AnomalyCancellation.GroupActions transitive imports (public)",
       "8ed253a34b672129"],
      ["Physlib.QFT.AnomalyCancellation.GroupActions:importArts",
       "9decb3ba3b3205ef"],
      ["Physlib.QFT.PerturbationTheory.CreateAnnihilate transitive imports (public)",
       "dc0dc1c306539ba2"],
      ["Physlib.QFT.PerturbationTheory.CreateAnnihilate:importArts",
       "3948abbf7ad7e46a"],
      ["Physlib.QFT.PerturbationTheory.FeynmanDiagrams.Basic transitive imports (public)",
       "00000000000006bb"],
      ["Physlib.QFT.PerturbationTheory.FeynmanDiagrams.Basic:importArts",
       "cd1f58a437332cc0"],
      ["Physlib.QFT.PerturbationTheory.FieldOpFreeAlgebra.Basic transitive imports (public)",
       "38530a1a472f8afd"],
      ["Physlib.QFT.PerturbationTheory.FieldOpFreeAlgebra.Basic:importArts",
       "270dd642a24669f6"],
      ["Physlib.QFT.PerturbationTheory.FieldOpFreeAlgebra.Grading transitive imports (public)",
       "cd75fd02b5757012"],
      ["Physlib.QFT.PerturbationTheory.FieldOpFreeAlgebra.Grading:importArts",
       "f0e4acf3db7d73cb"],
      ["Physlib.QFT.PerturbationTheory.FieldOpFreeAlgebra.NormTimeOrder transitive imports (public)",
       "03f66e1f71d84901"],
      ["Physlib.QFT.PerturbationTheory.FieldOpFreeAlgebra.NormTimeOrder:importArts",
       "c58eec900f26b67a"],
      ["Physlib.QFT.PerturbationTheory.FieldOpFreeAlgebra.NormalOrder transitive imports (public)",
       "c917a59ddaa4fc66"],
      ["Physlib.QFT.PerturbationTheory.FieldOpFreeAlgebra.NormalOrder:importArts",
       "9ab7dd556cfbf168"],
      ["Physlib.QFT.PerturbationTheory.FieldOpFreeAlgebra.SuperCommute transitive imports (public)",
       "e05a111f04ea367b"],
      ["Physlib.QFT.PerturbationTheory.FieldOpFreeAlgebra.SuperCommute:importArts",
       "8534f826845f6658"],
      ["Physlib.QFT.PerturbationTheory.FieldOpFreeAlgebra.TimeOrder transitive imports (public)",
       "f4781717513a4bec"],
      ["Physlib.QFT.PerturbationTheory.FieldOpFreeAlgebra.TimeOrder:importArts",
       "c4bac7fea1478a5b"],
      ["Physlib.QFT.PerturbationTheory.FieldSpecification.Basic transitive imports (public)",
       "c134028a41f6503f"],
      ["Physlib.QFT.PerturbationTheory.FieldSpecification.Basic:importArts",
       "4dfdb83f76a9c349"],
      ["Physlib.QFT.PerturbationTheory.FieldSpecification.CrAnFieldOp transitive imports (public)",
       "34b4bbb617e095e4"],
      ["Physlib.QFT.PerturbationTheory.FieldSpecification.CrAnFieldOp:importArts",
       "b09f8dc8a8186c74"],
      ["Physlib.QFT.PerturbationTheory.FieldSpecification.CrAnSection transitive imports (public)",
       "a0fc4739bd38589a"],
      ["Physlib.QFT.PerturbationTheory.FieldSpecification.CrAnSection:importArts",
       "d86271e372b0144c"],
      ["Physlib.QFT.PerturbationTheory.FieldSpecification.Filters transitive imports (public)",
       "3e5b044a5d825d71"],
      ["Physlib.QFT.PerturbationTheory.FieldSpecification.Filters:importArts",
       "5bb3ee0668b0b898"],
      ["Physlib.QFT.PerturbationTheory.FieldSpecification.NormalOrder transitive imports (public)",
       "04cb049b90c9e9a6"],
      ["Physlib.QFT.PerturbationTheory.FieldSpecification.NormalOrder:importArts",
       "7f20aa77fc2081c8"],
      ["Physlib.QFT.PerturbationTheory.FieldSpecification.TimeOrder transitive imports (public)",
       "7873280f6806c3c7"],
      ["Physlib.QFT.PerturbationTheory.FieldSpecification.TimeOrder:importArts",
       "03bb08cc149c6c4c"],
      ["Physlib.QFT.PerturbationTheory.FieldStatistics.Basic transitive imports (public)",
       "1d9af5571d318ae5"],
      ["Physlib.QFT.PerturbationTheory.FieldStatistics.Basic:importArts",
       "ad3cc3df3af19f67"],
      ["Physlib.QFT.PerturbationTheory.FieldStatistics.ExchangeSign transitive imports (public)",
       "430da9af3fa6c7e0"],
      ["Physlib.QFT.PerturbationTheory.FieldStatistics.ExchangeSign:importArts",
       "569ee42eb2e01014"],
      ["Physlib.QFT.PerturbationTheory.FieldStatistics.OfFinset transitive imports (public)",
       "26cfd1ccae30646b"],
      ["Physlib.QFT.PerturbationTheory.FieldStatistics.OfFinset:importArts",
       "77a02815dbf0008d"],
      ["Physlib.QFT.PerturbationTheory.Koszul.KoszulSign transitive imports (public)",
       "8a2614911ed2b9d8"],
      ["Physlib.QFT.PerturbationTheory.Koszul.KoszulSign:importArts",
       "079ad0ad51d3c6e9"],
      ["Physlib.QFT.PerturbationTheory.Koszul.KoszulSignInsert transitive imports (public)",
       "a4d4674cb0c8b544"],
      ["Physlib.QFT.PerturbationTheory.Koszul.KoszulSignInsert:importArts",
       "7e82d58ddd9bd53a"],
      ["Physlib.QFT.PerturbationTheory.WickAlgebra.Basic transitive imports (public)",
       "86d88860d0f5fad0"],
      ["Physlib.QFT.PerturbationTheory.WickAlgebra.Basic:importArts",
       "14a349f758682749"],
      ["Physlib.QFT.PerturbationTheory.WickAlgebra.Grading transitive imports (public)",
       "fe2774f5a3defc29"],
      ["Physlib.QFT.PerturbationTheory.WickAlgebra.Grading:importArts",
       "a1236f9e7fcc5acd"],
      ["Physlib.QFT.PerturbationTheory.WickAlgebra.NormalOrder.Basic transitive imports (public)",
       "51f4a0522b70b269"],
      ["Physlib.QFT.PerturbationTheory.WickAlgebra.NormalOrder.Basic:importArts",
       "f12cddfb37471443"],
      ["Physlib.QFT.PerturbationTheory.WickAlgebra.NormalOrder.Lemmas transitive imports (public)",
       "0811c39259ae35e7"],
      ["Physlib.QFT.PerturbationTheory.WickAlgebra.NormalOrder.Lemmas:importArts",
       "0420eacb1f3b1b46"],
      ["Physlib.QFT.PerturbationTheory.WickAlgebra.NormalOrder.WickContractions transitive imports (public)",
       "85cd82b19d7ef51a"],
      ["Physlib.QFT.PerturbationTheory.WickAlgebra.NormalOrder.WickContractions:importArts",
       "6e1321507c56b51e"],
      ["Physlib.QFT.PerturbationTheory.WickAlgebra.StaticWickTerm transitive imports (public)",
       "0103aa21a6e96525"],
      ["Physlib.QFT.PerturbationTheory.WickAlgebra.StaticWickTerm:importArts",
       "c3ed18f70d89fb9b"],
      ["Physlib.QFT.PerturbationTheory.WickAlgebra.StaticWickTheorem transitive imports (public)",
       "ed85e6f320bd4fa7"],
      ["Physlib.QFT.PerturbationTheory.WickAlgebra.StaticWickTheorem:importArts",
       "f718151e3dccac5b"],
      ["Physlib.QFT.PerturbationTheory.WickAlgebra.SuperCommute transitive imports (public)",
       "fe2774f5a3defc29"],
      ["Physlib.QFT.PerturbationTheory.WickAlgebra.SuperCommute:importArts",
       "48693958fec13c7b"],
      ["Physlib.QFT.PerturbationTheory.WickAlgebra.TimeContraction transitive imports (public)",
       "d9b3e16b7ab97177"],
      ["Physlib.QFT.PerturbationTheory.WickAlgebra.TimeContraction:importArts",
       "db4b3ca0e1bc04b4"],
      ["Physlib.QFT.PerturbationTheory.WickAlgebra.TimeOrder transitive imports (public)",
       "5eb62cbea1551c92"],
      ["Physlib.QFT.PerturbationTheory.WickAlgebra.TimeOrder:importArts",
       "33f73b433602c037"],
      ["Physlib.QFT.PerturbationTheory.WickAlgebra.Universality transitive imports (public)",
       "fe2774f5a3defc29"],
      ["Physlib.QFT.PerturbationTheory.WickAlgebra.Universality:importArts",
       "680ba992e5b975e9"],
      ["Physlib.QFT.PerturbationTheory.WickAlgebra.WickTerm transitive imports (public)",
       "07ab3325aa5b0c09"],
      ["Physlib.QFT.PerturbationTheory.WickAlgebra.WickTerm:importArts",
       "a5c178781c9ca42a"],
      ["Physlib.QFT.PerturbationTheory.WickAlgebra.WicksTheorem transitive imports (public)",
       "b76dfe52fc62032e"],
      ["Physlib.QFT.PerturbationTheory.WickAlgebra.WicksTheorem:importArts",
       "46f314fa55716786"],
      ["Physlib.QFT.PerturbationTheory.WickAlgebra.WicksTheoremNormal transitive imports (public)",
       "ee7d47426598d73a"],
      ["Physlib.QFT.PerturbationTheory.WickAlgebra.WicksTheoremNormal:importArts",
       "3c5777deae3a0c07"],
      ["Physlib.QFT.PerturbationTheory.WickContraction.Basic transitive imports (public)",
       "46b2618ce6f77877"],
      ["Physlib.QFT.PerturbationTheory.WickContraction.Basic:importArts",
       "6d1261d8c45243e9"],
      ["Physlib.QFT.PerturbationTheory.WickContraction.Card transitive imports (public)",
       "acaa108c8f5f9cab"],
      ["Physlib.QFT.PerturbationTheory.WickContraction.Card:importArts",
       "ee21b7db9e18b5f3"],
      ["Physlib.QFT.PerturbationTheory.WickContraction.Erase transitive imports (public)",
       "09125b1505cdacf1"],
      ["Physlib.QFT.PerturbationTheory.WickContraction.Erase:importArts",
       "88608518baaf80ab"],
      ["Physlib.QFT.PerturbationTheory.WickContraction.ExtractEquiv transitive imports (public)",
       "7d75035472c65912"],
      ["Physlib.QFT.PerturbationTheory.WickContraction.ExtractEquiv:importArts",
       "5d99736f41157ba6"],
      ["Physlib.QFT.PerturbationTheory.WickContraction.InsertAndContract transitive imports (public)",
       "5a7fe0bef2e2962d"],
      ["Physlib.QFT.PerturbationTheory.WickContraction.InsertAndContract:importArts",
       "766c8f786655dd3b"],
      ["Physlib.QFT.PerturbationTheory.WickContraction.InsertAndContractNat transitive imports (public)",
       "29d85ff03cb2b48c"],
      ["Physlib.QFT.PerturbationTheory.WickContraction.InsertAndContractNat:importArts",
       "6f89fb6f0bd48ae5"],
      ["Physlib.QFT.PerturbationTheory.WickContraction.Involutions transitive imports (public)",
       "172fd0131d2f54d4"],
      ["Physlib.QFT.PerturbationTheory.WickContraction.Involutions:importArts",
       "18a31afa1ee0af2f"],
      ["Physlib.QFT.PerturbationTheory.WickContraction.IsFull transitive imports (public)",
       "bf044ff44c3f02bb"],
      ["Physlib.QFT.PerturbationTheory.WickContraction.IsFull:importArts",
       "6be791709ffd782b"],
      ["Physlib.QFT.PerturbationTheory.WickContraction.Join transitive imports (public)",
       "9a9d1dab12e5bdb6"],
      ["Physlib.QFT.PerturbationTheory.WickContraction.Join:importArts",
       "9c291792091751d6"],
      ["Physlib.QFT.PerturbationTheory.WickContraction.Perm transitive imports (public)",
       "769df2161e4f2474"],
      ["Physlib.QFT.PerturbationTheory.WickContraction.Perm:importArts",
       "d167768c4fb825cf"],
      ["Physlib.QFT.PerturbationTheory.WickContraction.Sign.Basic transitive imports (public)",
       "aee39e68a3fdd310"],
      ["Physlib.QFT.PerturbationTheory.WickContraction.Sign.Basic:importArts",
       "7e963e4feaec31a4"],
      ["Physlib.QFT.PerturbationTheory.WickContraction.Sign.InsertNone transitive imports (public)",
       "657bd8524dc16440"],
      ["Physlib.QFT.PerturbationTheory.WickContraction.Sign.InsertNone:importArts",
       "bec2f50c4133b0cd"],
      ["Physlib.QFT.PerturbationTheory.WickContraction.Sign.InsertSome transitive imports (public)",
       "657bd8524dc16440"],
      ["Physlib.QFT.PerturbationTheory.WickContraction.Sign.InsertSome:importArts",
       "b984a9efa06e44e7"],
      ["Physlib.QFT.PerturbationTheory.WickContraction.Sign.Join transitive imports (public)",
       "4a990cbdab7434f5"],
      ["Physlib.QFT.PerturbationTheory.WickContraction.Sign.Join:importArts",
       "d77cb726e7aa4499"],
      ["Physlib.QFT.PerturbationTheory.WickContraction.Singleton transitive imports (public)",
       "6413bf53db286860"],
      ["Physlib.QFT.PerturbationTheory.WickContraction.Singleton:importArts",
       "75a0e9dbff0c7156"],
      ["Physlib.QFT.PerturbationTheory.WickContraction.StaticContract transitive imports (public)",
       "30c7d700a83afb1a"],
      ["Physlib.QFT.PerturbationTheory.WickContraction.StaticContract:importArts",
       "189eedd5a59eceb1"],
      ["Physlib.QFT.PerturbationTheory.WickContraction.SubContraction transitive imports (public)",
       "5a7fe0bef2e2962d"],
      ["Physlib.QFT.PerturbationTheory.WickContraction.SubContraction:importArts",
       "9bbbdac7f2975ec4"],
      ["Physlib.QFT.PerturbationTheory.WickContraction.TimeCond transitive imports (public)",
       "4a990cbdab7434f5"],
      ["Physlib.QFT.PerturbationTheory.WickContraction.TimeCond:importArts",
       "c7fc73c3b7a924e1"],
      ["Physlib.QFT.PerturbationTheory.WickContraction.TimeContract transitive imports (public)",
       "909be421b0a424a1"],
      ["Physlib.QFT.PerturbationTheory.WickContraction.TimeContract:importArts",
       "e78f6df9e8da7ec9"],
      ["Physlib.QFT.PerturbationTheory.WickContraction.Uncontracted transitive imports (public)",
       "172fd0131d2f54d4"],
      ["Physlib.QFT.PerturbationTheory.WickContraction.Uncontracted:importArts",
       "00207cd237d279f9"],
      ["Physlib.QFT.PerturbationTheory.WickContraction.UncontractedList transitive imports (public)",
       "acaa108c8f5f9cab"],
      ["Physlib.QFT.PerturbationTheory.WickContraction.UncontractedList:importArts",
       "40ae4fbef541e8ec"],
      ["Physlib.QFT.QED.AnomalyCancellation.Basic transitive imports (public)",
       "e589be1527fb9a31"],
      ["Physlib.QFT.QED.AnomalyCancellation.Basic:importArts",
       "b54c773807dddb75"],
      ["Physlib.QFT.QED.AnomalyCancellation.BasisLinear transitive imports (public)",
       "29968a091a230d6f"],
      ["Physlib.QFT.QED.AnomalyCancellation.BasisLinear:importArts",
       "465aaccc1517ecf5"],
      ["Physlib.QFT.QED.AnomalyCancellation.ConstAbs transitive imports (public)",
       "abf76e1949e15678"],
      ["Physlib.QFT.QED.AnomalyCancellation.ConstAbs:importArts",
       "546c6442d7a1738e"],
      ["Physlib.QFT.QED.AnomalyCancellation.Even.BasisLinear transitive imports (public)",
       "689bc30f98b26966"],
      ["Physlib.QFT.QED.AnomalyCancellation.Even.BasisLinear:importArts",
       "6f00dac8302e4e6b"],
      ["Physlib.QFT.QED.AnomalyCancellation.Even.LineInCubic transitive imports (public)",
       "f47e75aab00c5e13"],
      ["Physlib.QFT.QED.AnomalyCancellation.Even.LineInCubic:importArts",
       "6048e926221c505b"],
      ["Physlib.QFT.QED.AnomalyCancellation.Even.Parameterization transitive imports (public)",
       "3fdd91f1f0c35338"],
      ["Physlib.QFT.QED.AnomalyCancellation.Even.Parameterization:importArts",
       "8586ed3b6eed52cc"],
      ["Physlib.QFT.QED.AnomalyCancellation.LineInPlaneCond transitive imports (public)",
       "3886ee2374f1c03a"],
      ["Physlib.QFT.QED.AnomalyCancellation.LineInPlaneCond:importArts",
       "daeeb5a4cca47091"],
      ["Physlib.QFT.QED.AnomalyCancellation.LowDim.One transitive imports (public)",
       "8e516d903d58b65f"],
      ["Physlib.QFT.QED.AnomalyCancellation.LowDim.One:importArts",
       "76d45cc1a0c03ffa"],
      ["Physlib.QFT.QED.AnomalyCancellation.LowDim.Three transitive imports (public)",
       "8e516d903d58b65f"],
      ["Physlib.QFT.QED.AnomalyCancellation.LowDim.Three:importArts",
       "76ca798a1e7940a6"],
      ["Physlib.QFT.QED.AnomalyCancellation.LowDim.Two transitive imports (public)",
       "8e516d903d58b65f"],
      ["Physlib.QFT.QED.AnomalyCancellation.LowDim.Two:importArts",
       "c71134d5612b7981"],
      ["Physlib.QFT.QED.AnomalyCancellation.Odd.BasisLinear transitive imports (public)",
       "689bc30f98b26966"],
      ["Physlib.QFT.QED.AnomalyCancellation.Odd.BasisLinear:importArts",
       "8a633f10eb4f7663"],
      ["Physlib.QFT.QED.AnomalyCancellation.Odd.LineInCubic transitive imports (public)",
       "973de0c5cdf86759"],
      ["Physlib.QFT.QED.AnomalyCancellation.Odd.LineInCubic:importArts",
       "fc6e09b5d07ccba3"],
      ["Physlib.QFT.QED.AnomalyCancellation.Odd.Parameterization transitive imports (public)",
       "b680464a1bf8e9fb"],
      ["Physlib.QFT.QED.AnomalyCancellation.Odd.Parameterization:importArts",
       "ffbba02af646dd4e"],
      ["Physlib.QFT.QED.AnomalyCancellation.Permutations transitive imports (public)",
       "71103af77da7a4ac"],
      ["Physlib.QFT.QED.AnomalyCancellation.Permutations:importArts",
       "82961d5c87a3dbce"],
      ["Physlib.QFT.QED.AnomalyCancellation.Sorts transitive imports (public)",
       "56f2e2247a3eabc0"],
      ["Physlib.QFT.QED.AnomalyCancellation.Sorts:importArts",
       "c9d5509cd1e56a0a"],
      ["Physlib.QFT.QED.AnomalyCancellation.VectorLike transitive imports (public)",
       "448c855c3b4f193b"],
      ["Physlib.QFT.QED.AnomalyCancellation.VectorLike:importArts",
       "b5bee656b4871513"],
      ["Physlib.QuantumMechanics.FiniteTarget transitive imports (public)",
       "3b50cf417bd9259a"],
      ["Physlib.QuantumMechanics.FiniteTarget:importArts", "e6c39a685bcfda32"],
      ["Physlib.QuantumMechanics.FreeParticle.Basic transitive imports (public)",
       "9ab518caafb0351d"],
      ["Physlib.QuantumMechanics.FreeParticle.Basic:importArts",
       "309ca5b911edaa44"],
      ["Physlib.QuantumMechanics.HarmonicOscillator.Basic transitive imports (public)",
       "d62d3ddb3d0374b7"],
      ["Physlib.QuantumMechanics.HarmonicOscillator.Basic:importArts",
       "07c7404067926074"],
      ["Physlib.QuantumMechanics.HarmonicOscillator.Eigenstates transitive imports (public)",
       "3930d64d1e6089ce"],
      ["Physlib.QuantumMechanics.HarmonicOscillator.Eigenstates:importArts",
       "ba93b765ed38deac"],
      ["Physlib.QuantumMechanics.HarmonicOscillator.LadderOperators transitive imports (public)",
       "5310f925a9b0e4d4"],
      ["Physlib.QuantumMechanics.HarmonicOscillator.LadderOperators:importArts",
       "c6127e4d7c655590"],
      ["Physlib.QuantumMechanics.HarmonicOscillator.OneDimension.Basic transitive imports (public)",
       "d257e1d25dbbba44"],
      ["Physlib.QuantumMechanics.HarmonicOscillator.OneDimension.Basic:importArts",
       "e2980a0787a12428"],
      ["Physlib.QuantumMechanics.HarmonicOscillator.OneDimension.Completeness transitive imports (public)",
       "f00315b64e76eee3"],
      ["Physlib.QuantumMechanics.HarmonicOscillator.OneDimension.Completeness:importArts",
       "003aafa7c643b246"],
      ["Physlib.QuantumMechanics.HarmonicOscillator.OneDimension.Eigenfunction transitive imports (public)",
       "e1bd9f634042b041"],
      ["Physlib.QuantumMechanics.HarmonicOscillator.OneDimension.Eigenfunction:importArts",
       "ce375a8508eac587"],
      ["Physlib.QuantumMechanics.HarmonicOscillator.OneDimension.Examples transitive imports (public)",
       "a9f5cb585ae6d71c"],
      ["Physlib.QuantumMechanics.HarmonicOscillator.OneDimension.Examples:importArts",
       "90db3659367971d8"],
      ["Physlib.QuantumMechanics.HarmonicOscillator.OneDimension.TISE transitive imports (public)",
       "8ce6e3ed23ea11af"],
      ["Physlib.QuantumMechanics.HarmonicOscillator.OneDimension.TISE:importArts",
       "9b1d1a4271c63db5"],
      ["Physlib.QuantumMechanics.HilbertSpaces.FiniteTarget.Basic transitive imports (public)",
       "35d155384478b9ce"],
      ["Physlib.QuantumMechanics.HilbertSpaces.FiniteTarget.Basic:importArts",
       "7cefb4d5596d7e7b"],
      ["Physlib.QuantumMechanics.HilbertSpaces.OneDimension.Basic transitive imports (public)",
       "900c1ab79e139712"],
      ["Physlib.QuantumMechanics.HilbertSpaces.OneDimension.Basic:importArts",
       "d724be203d486654"],
      ["Physlib.QuantumMechanics.HilbertSpaces.OneDimension.Gaussians transitive imports (public)",
       "a6781255630de353"],
      ["Physlib.QuantumMechanics.HilbertSpaces.OneDimension.Gaussians:importArts",
       "c93d925fbfd70959"],
      ["Physlib.QuantumMechanics.HilbertSpaces.OneDimension.PlaneWaves transitive imports (public)",
       "051c3ef60f12c56e"],
      ["Physlib.QuantumMechanics.HilbertSpaces.OneDimension.PlaneWaves:importArts",
       "0ddab7367e2bd994"],
      ["Physlib.QuantumMechanics.HilbertSpaces.OneDimension.PositionStates transitive imports (public)",
       "051c3ef60f12c56e"],
      ["Physlib.QuantumMechanics.HilbertSpaces.OneDimension.PositionStates:importArts",
       "85d283e7e7218ffa"],
      ["Physlib.QuantumMechanics.HilbertSpaces.OneDimension.SchwartzSubmodule transitive imports (public)",
       "ef3967af85f11d5c"],
      ["Physlib.QuantumMechanics.HilbertSpaces.OneDimension.SchwartzSubmodule:importArts",
       "e1047b12521f88bb"],
      ["Physlib.QuantumMechanics.HilbertSpaces.SpaceD.Basic transitive imports (public)",
       "c2434dfe59a42844"],
      ["Physlib.QuantumMechanics.HilbertSpaces.SpaceD.Basic:importArts",
       "b7c58593d75f6977"],
      ["Physlib.QuantumMechanics.HilbertSpaces.SpaceD.DirichletSubmodule transitive imports (public)",
       "bcab12e8cc68f1cc"],
      ["Physlib.QuantumMechanics.HilbertSpaces.SpaceD.DirichletSubmodule:importArts",
       "49a89f3645f4c9bf"],
      ["Physlib.QuantumMechanics.HilbertSpaces.SpaceD.Fourier transitive imports (public)",
       "70ad1b946dbde4c5"],
      ["Physlib.QuantumMechanics.HilbertSpaces.SpaceD.Fourier:importArts",
       "035324e72c571960"],
      ["Physlib.QuantumMechanics.HilbertSpaces.SpaceD.MomentumStates transitive imports (public)",
       "6dae4ba793a1591f"],
      ["Physlib.QuantumMechanics.HilbertSpaces.SpaceD.MomentumStates:importArts",
       "15cda6ff78fda164"],
      ["Physlib.QuantumMechanics.HilbertSpaces.SpaceD.PolyBddSchwartzSubmodule transitive imports (public)",
       "c6658da408897107"],
      ["Physlib.QuantumMechanics.HilbertSpaces.SpaceD.PolyBddSchwartzSubmodule:importArts",
       "5e1dbf3ca4881d8e"],
      ["Physlib.QuantumMechanics.HilbertSpaces.SpaceD.PositionStates transitive imports (public)",
       "6dae4ba793a1591f"],
      ["Physlib.QuantumMechanics.HilbertSpaces.SpaceD.PositionStates:importArts",
       "9567cd0e5c7ae634"],
      ["Physlib.QuantumMechanics.HilbertSpaces.SpaceD.SchwartzSubmodule transitive imports (public)",
       "8345a741d17997ed"],
      ["Physlib.QuantumMechanics.HilbertSpaces.SpaceD.SchwartzSubmodule:importArts",
       "aeac913fc73a229b"],
      ["Physlib.QuantumMechanics.HilbertSpaces.SpaceD.SobolevSubmodule transitive imports (public)",
       "942a2b824e19281c"],
      ["Physlib.QuantumMechanics.HilbertSpaces.SpaceD.SobolevSubmodule:importArts",
       "e79c27a796c65c91"],
      ["Physlib.QuantumMechanics.HilbertSpaces.TensorProducts.CompleteTensorProduct transitive imports (public)",
       "83903df3fb09f5c7"],
      ["Physlib.QuantumMechanics.HilbertSpaces.TensorProducts.CompleteTensorProduct:importArts",
       "1e033fbca66580bb"],
      ["Physlib.QuantumMechanics.Hydrogen.Basic transitive imports (public)",
       "89f3dcbbbaa0645c"],
      ["Physlib.QuantumMechanics.Hydrogen.Basic:importArts",
       "c0f6c1dad509ff30"],
      ["Physlib.QuantumMechanics.Hydrogen.LaplaceRungeLenzVector transitive imports (public)",
       "ec14fea797217144"],
      ["Physlib.QuantumMechanics.Hydrogen.LaplaceRungeLenzVector:importArts",
       "4a5e7f15a2c73d92"],
      ["Physlib.QuantumMechanics.InfiniteSquareWell.Basic transitive imports (public)",
       "9ab518caafb0351d"],
      ["Physlib.QuantumMechanics.InfiniteSquareWell.Basic:importArts",
       "f058016247210f88"],
      ["Physlib.QuantumMechanics.Operators.AngularMomentum transitive imports (public)",
       "fd3a607a4f08901b"],
      ["Physlib.QuantumMechanics.Operators.AngularMomentum:importArts",
       "129c7bf1ca96a383"],
      ["Physlib.QuantumMechanics.Operators.Commutation transitive imports (public)",
       "72b165222cd8ed1a"],
      ["Physlib.QuantumMechanics.Operators.Commutation:importArts",
       "e6d7e37ee76af717"],
      ["Physlib.QuantumMechanics.Operators.Covariance transitive imports (public)",
       "7e63b46f1f2fc04c"],
      ["Physlib.QuantumMechanics.Operators.Covariance:importArts",
       "fd145dd2808db9a8"],
      ["Physlib.QuantumMechanics.Operators.Examples transitive imports (public)",
       "026146b0cdec95fe"],
      ["Physlib.QuantumMechanics.Operators.Examples:importArts",
       "1537a8760de73601"],
      ["Physlib.QuantumMechanics.Operators.Momentum transitive imports (public)",
       "b66567b1650a4a45"],
      ["Physlib.QuantumMechanics.Operators.Momentum:importArts",
       "a8f11a56723df307"],
      ["Physlib.QuantumMechanics.Operators.Multiplication transitive imports (public)",
       "6613cad9ec4666cc"],
      ["Physlib.QuantumMechanics.Operators.Multiplication:importArts",
       "00182883e345e963"],
      ["Physlib.QuantumMechanics.Operators.OneDimension.Commutation transitive imports (public)",
       "723ec68da9f84f78"],
      ["Physlib.QuantumMechanics.Operators.OneDimension.Commutation:importArts",
       "49f1301eaca6c8ab"],
      ["Physlib.QuantumMechanics.Operators.OneDimension.Momentum transitive imports (public)",
       "11fcd202fef639a8"],
      ["Physlib.QuantumMechanics.Operators.OneDimension.Momentum:importArts",
       "39053d5151c48cc5"],
      ["Physlib.QuantumMechanics.Operators.OneDimension.Parity transitive imports (public)",
       "4f124c773086ea19"],
      ["Physlib.QuantumMechanics.Operators.OneDimension.Parity:importArts",
       "ddbc664422098c9e"],
      ["Physlib.QuantumMechanics.Operators.OneDimension.Position transitive imports (public)",
       "b549f5e0daf16ccf"],
      ["Physlib.QuantumMechanics.Operators.OneDimension.Position:importArts",
       "ff84ce185815b589"],
      ["Physlib.QuantumMechanics.Operators.OneDimension.Unbounded transitive imports (public)",
       "5864506f92f56e9d"],
      ["Physlib.QuantumMechanics.Operators.OneDimension.Unbounded:importArts",
       "3589adcb0bc2d03a"],
      ["Physlib.QuantumMechanics.Operators.Position transitive imports (public)",
       "c7096bfbfe16eab6"],
      ["Physlib.QuantumMechanics.Operators.Position:importArts",
       "01796ea05406d958"],
      ["Physlib.QuantumMechanics.Operators.SpectralTheory.Basic transitive imports (public)",
       "2b21d93d366d5fbb"],
      ["Physlib.QuantumMechanics.Operators.SpectralTheory.Basic:importArts",
       "06f2e58aca87b958"],
      ["Physlib.QuantumMechanics.Operators.SpectralTheory.SelfAdjoint transitive imports (public)",
       "b9cfb4f19aea4520"],
      ["Physlib.QuantumMechanics.Operators.SpectralTheory.SelfAdjoint:importArts",
       "8bcc008ee809a091"],
      ["Physlib.QuantumMechanics.Operators.SpectralTheory.SpectralMeasure transitive imports (public)",
       "7df128fb6b9cf321"],
      ["Physlib.QuantumMechanics.Operators.SpectralTheory.SpectralMeasure:importArts",
       "555a00d97abad49b"],
      ["Physlib.QuantumMechanics.Operators.SpectralTheory.Symmetric transitive imports (public)",
       "796927b74eaed04e"],
      ["Physlib.QuantumMechanics.Operators.SpectralTheory.Symmetric:importArts",
       "0c8bbaf3ede62c8e"],
      ["Physlib.QuantumMechanics.Operators.StateObservables.ExpectedValue transitive imports (public)",
       "2b21d93d366d5fbb"],
      ["Physlib.QuantumMechanics.Operators.StateObservables.ExpectedValue:importArts",
       "2cd05ac291ab7fc9"],
      ["Physlib.QuantumMechanics.Operators.StateObservables.IsEigenvector transitive imports (public)",
       "2b21d93d366d5fbb"],
      ["Physlib.QuantumMechanics.Operators.StateObservables.IsEigenvector:importArts",
       "ef06c5a9426685b2"],
      ["Physlib.QuantumMechanics.Operators.StateObservables.Variance transitive imports (public)",
       "c49494122767eeb4"],
      ["Physlib.QuantumMechanics.Operators.StateObservables.Variance:importArts",
       "296d8147e4ec8752"],
      ["Physlib.QuantumMechanics.Operators.Unbounded transitive imports (public)",
       "c957e11a2cb9225e"],
      ["Physlib.QuantumMechanics.Operators.Unbounded:importArts",
       "7314621786ff69b3"],
      ["Physlib.QuantumMechanics.Operators.Uncertainty transitive imports (public)",
       "81a43f383dce523b"],
      ["Physlib.QuantumMechanics.Operators.Uncertainty:importArts",
       "67c87e3895a6d6e2"],
      ["Physlib.QuantumMechanics.PlanckConstant transitive imports (public)",
       "0afb4afbeb3aef19"],
      ["Physlib.QuantumMechanics.PlanckConstant:importArts",
       "52954f8dad24c0d8"],
      ["Physlib.QuantumMechanics.PoschlTeller.Basic transitive imports (public)",
       "c32fb8832001a187"],
      ["Physlib.QuantumMechanics.PoschlTeller.Basic:importArts",
       "190aa1626c3992c9"],
      ["Physlib.QuantumMechanics.QuantumSystem.Basic transitive imports (public)",
       "2b21d93d366d5fbb"],
      ["Physlib.QuantumMechanics.QuantumSystem.Basic:importArts",
       "cb2462c1fcb70dd1"],
      ["Physlib.QuantumMechanics.RectangularBarrier.Basic transitive imports (public)",
       "d62d3ddb3d0374b7"],
      ["Physlib.QuantumMechanics.RectangularBarrier.Basic:importArts",
       "ce34f18fca9e3ae6"],
      ["Physlib.QuantumMechanics.SpaceDQuantumSystem transitive imports (public)",
       "fa418e05ff87c8bc"],
      ["Physlib.QuantumMechanics.SpaceDQuantumSystem:importArts",
       "34162c2815ba8edb"],
      ["Physlib.Relativity.Bispinors.Basic transitive imports (public)",
       "62a82045da83ad29"],
      ["Physlib.Relativity.Bispinors.Basic:importArts", "a8bade901c4ec295"],
      ["Physlib.Relativity.CliffordAlgebra transitive imports (public)",
       "b396c3bc1ddfabdb"],
      ["Physlib.Relativity.CliffordAlgebra:importArts", "9837f9cf99e06f51"],
      ["Physlib.Relativity.Fermions.Dirac.Basic transitive imports (public)",
       "e4ac3f87a9c3154b"],
      ["Physlib.Relativity.Fermions.Dirac.Basic:importArts",
       "1947bc63c2e5c9bf"],
      ["Physlib.Relativity.Fermions.Weyl.Contraction transitive imports (public)",
       "e4ac3f87a9c3154b"],
      ["Physlib.Relativity.Fermions.Weyl.Contraction:importArts",
       "d4476fbf10ae1c83"],
      ["Physlib.Relativity.Fermions.Weyl.DualLeftHanded transitive imports (public)",
       "a3544720cc46256c"],
      ["Physlib.Relativity.Fermions.Weyl.DualLeftHanded:importArts",
       "85ff9a0df14ca959"],
      ["Physlib.Relativity.Fermions.Weyl.DualRightHanded transitive imports (public)",
       "a3544720cc46256c"],
      ["Physlib.Relativity.Fermions.Weyl.DualRightHanded:importArts",
       "57848cb2e24a1b36"],
      ["Physlib.Relativity.Fermions.Weyl.Duals transitive imports (public)",
       "e4ac3f87a9c3154b"],
      ["Physlib.Relativity.Fermions.Weyl.Duals:importArts", "820a07886ef519c6"],
      ["Physlib.Relativity.Fermions.Weyl.LeftHanded transitive imports (public)",
       "a3544720cc46256c"],
      ["Physlib.Relativity.Fermions.Weyl.LeftHanded:importArts",
       "ea80d091d9e7b636"],
      ["Physlib.Relativity.Fermions.Weyl.Metric transitive imports (public)",
       "81ec1ff9f7f59b6e"],
      ["Physlib.Relativity.Fermions.Weyl.Metric:importArts",
       "cf7a52f572e84350"],
      ["Physlib.Relativity.Fermions.Weyl.RightHanded transitive imports (public)",
       "a3544720cc46256c"],
      ["Physlib.Relativity.Fermions.Weyl.RightHanded:importArts",
       "391246d2abe1a2d8"],
      ["Physlib.Relativity.Fermions.Weyl.Two transitive imports (public)",
       "e4ac3f87a9c3154b"],
      ["Physlib.Relativity.Fermions.Weyl.Two:importArts", "8d7f8853a9a9eabc"],
      ["Physlib.Relativity.Fermions.Weyl.Unit transitive imports (public)",
       "27b687fb5eeb040d"],
      ["Physlib.Relativity.Fermions.Weyl.Unit:importArts", "0dd5cfaf2c6fe354"],
      ["Physlib.Relativity.LorentzAlgebra.Basic transitive imports (public)",
       "39bab6de9b517d70"],
      ["Physlib.Relativity.LorentzAlgebra.Basic:importArts",
       "8029ff12e9356a97"],
      ["Physlib.Relativity.LorentzAlgebra.Basis transitive imports (public)",
       "f1a45f7d2829e968"],
      ["Physlib.Relativity.LorentzAlgebra.Basis:importArts",
       "97359facc3e42655"],
      ["Physlib.Relativity.LorentzAlgebra.ExponentialMap transitive imports (public)",
       "68a2121d7ec70dcf"],
      ["Physlib.Relativity.LorentzAlgebra.ExponentialMap:importArts",
       "18ef82926a77da0b"],
      ["Physlib.Relativity.LorentzGroup.Basic transitive imports (public)",
       "5085830edd20f77f"],
      ["Physlib.Relativity.LorentzGroup.Basic:importArts", "03826052503eb420"],
      ["Physlib.Relativity.LorentzGroup.Boosts.Apply transitive imports (public)",
       "6af90a6f9e199110"],
      ["Physlib.Relativity.LorentzGroup.Boosts.Apply:importArts",
       "ac7cc798856aae93"],
      ["Physlib.Relativity.LorentzGroup.Boosts.Axis transitive imports (public)",
       "510fd58eaae62ce4"],
      ["Physlib.Relativity.LorentzGroup.Boosts.Axis:importArts",
       "c6247bbdd6bcf6e0"],
      ["Physlib.Relativity.LorentzGroup.Boosts.Basic transitive imports (public)",
       "f1b65bb303953b74"],
      ["Physlib.Relativity.LorentzGroup.Boosts.Basic:importArts",
       "fce6a908ac8356a5"],
      ["Physlib.Relativity.LorentzGroup.Boosts.Generalized transitive imports (public)",
       "d8d6028760c3d9e2"],
      ["Physlib.Relativity.LorentzGroup.Boosts.Generalized:importArts",
       "7a100d96a2673cdc"],
      ["Physlib.Relativity.LorentzGroup.Orthochronous.Basic transitive imports (public)",
       "645b337ae22a9a4d"],
      ["Physlib.Relativity.LorentzGroup.Orthochronous.Basic:importArts",
       "9e5731f55b38bb06"],
      ["Physlib.Relativity.LorentzGroup.Proper transitive imports (public)",
       "e17c4ec3e20e4e7a"],
      ["Physlib.Relativity.LorentzGroup.Proper:importArts", "0576a5875a53fcbf"],
      ["Physlib.Relativity.LorentzGroup.Restricted.Basic transitive imports (public)",
       "a5a6507cd3bfa171"],
      ["Physlib.Relativity.LorentzGroup.Restricted.Basic:importArts",
       "8b547411297cc18c"],
      ["Physlib.Relativity.LorentzGroup.Restricted.FromBoostRotation transitive imports (public)",
       "5c4d4456ec1e74cb"],
      ["Physlib.Relativity.LorentzGroup.Restricted.FromBoostRotation:importArts",
       "02ae59f2ce1e1c1a"],
      ["Physlib.Relativity.LorentzGroup.Rotations transitive imports (public)",
       "d8d6028760c3d9e2"],
      ["Physlib.Relativity.LorentzGroup.Rotations:importArts",
       "17b27236caf6c9fa"],
      ["Physlib.Relativity.LorentzGroup.ToVector transitive imports (public)",
       "5fad783cbea2c4d4"],
      ["Physlib.Relativity.LorentzGroup.ToVector:importArts",
       "fb548cd774504614"],
      ["Physlib.Relativity.MinkowskiMatrix transitive imports (public)",
       "135e0955ad8184ce"],
      ["Physlib.Relativity.MinkowskiMatrix:importArts", "876166ba783383e9"],
      ["Physlib.Relativity.PauliMatrices.AsTensor transitive imports (public)",
       "e57df564eb4c57e2"],
      ["Physlib.Relativity.PauliMatrices.AsTensor:importArts",
       "175f50bce4fb0e0c"],
      ["Physlib.Relativity.PauliMatrices.Basic transitive imports (public)",
       "13037d7790f597cf"],
      ["Physlib.Relativity.PauliMatrices.Basic:importArts", "4095fc499b7e7e91"],
      ["Physlib.Relativity.PauliMatrices.CliffordAlgebra transitive imports (public)",
       "7621d9563458af3d"],
      ["Physlib.Relativity.PauliMatrices.CliffordAlgebra:importArts",
       "2be90c76e2cc36f3"],
      ["Physlib.Relativity.PauliMatrices.Relations transitive imports (public)",
       "7153e5a2c8bbf06c"],
      ["Physlib.Relativity.PauliMatrices.Relations:importArts",
       "527f38f629ed253d"],
      ["Physlib.Relativity.PauliMatrices.SelfAdjoint transitive imports (public)",
       "b081ab66cad1627d"],
      ["Physlib.Relativity.PauliMatrices.SelfAdjoint:importArts",
       "9662d579aa601d74"],
      ["Physlib.Relativity.PauliMatrices.ToTensor transitive imports (public)",
       "f80361c2659d3cdb"],
      ["Physlib.Relativity.PauliMatrices.ToTensor:importArts",
       "21f844f1180bc20e"],
      ["Physlib.Relativity.SL2C.AxisRotations transitive imports (public)",
       "f8891c8be0949735"],
      ["Physlib.Relativity.SL2C.AxisRotations:importArts", "a75387dde59b3a08"],
      ["Physlib.Relativity.SL2C.Basic transitive imports (public)",
       "a7302085b25fe63e"],
      ["Physlib.Relativity.SL2C.Basic:importArts", "b8a60b2ea7c845b5"],
      ["Physlib.Relativity.SL2C.SelfAdjoint transitive imports (public)",
       "df161109804378b5"],
      ["Physlib.Relativity.SL2C.SelfAdjoint:importArts", "bfaedcb9e0029028"],
      ["Physlib.Relativity.Special.ProperTime transitive imports (public)",
       "f8bb239dcf4861be"],
      ["Physlib.Relativity.Special.ProperTime:importArts", "d654a43e00d9d258"],
      ["Physlib.Relativity.Special.TwinParadox.Basic transitive imports (public)",
       "8e78c7aa820d9593"],
      ["Physlib.Relativity.Special.TwinParadox.Basic:importArts",
       "b785bed5c2e12f0f"],
      ["Physlib.Relativity.SpeedOfLight transitive imports (public)",
       "6162d6e3600c9e77"],
      ["Physlib.Relativity.SpeedOfLight:importArts", "260944147ce624de"],
      ["Physlib.Relativity.Tensors.Basic transitive imports (public)",
       "63798fad9349c755"],
      ["Physlib.Relativity.Tensors.Basic:importArts", "0266cab2f6bde118"],
      ["Physlib.Relativity.Tensors.ComplexTensor.Basic transitive imports (public)",
       "feb7aa2a3f2a7ece"],
      ["Physlib.Relativity.Tensors.ComplexTensor.Basic:importArts",
       "829ff1800b21eb41"],
      ["Physlib.Relativity.Tensors.ComplexTensor.Lemmas transitive imports (public)",
       "5613395f39cbae2b"],
      ["Physlib.Relativity.Tensors.ComplexTensor.Lemmas:importArts",
       "fb7253a5ca96aacd"],
      ["Physlib.Relativity.Tensors.ComplexTensor.Matrix.Pre transitive imports (public)",
       "24589a9428fea9ef"],
      ["Physlib.Relativity.Tensors.ComplexTensor.Matrix.Pre:importArts",
       "7a942502dfc17e99"],
      ["Physlib.Relativity.Tensors.ComplexTensor.Metrics.Basic transitive imports (public)",
       "7be2c6e0718b7749"],
      ["Physlib.Relativity.Tensors.ComplexTensor.Metrics.Basic:importArts",
       "49db33aa552f26b8"],
      ["Physlib.Relativity.Tensors.ComplexTensor.Metrics.Lemmas transitive imports (public)",
       "ae542a246f2c94cd"],
      ["Physlib.Relativity.Tensors.ComplexTensor.Metrics.Lemmas:importArts",
       "5603a8da01d5ac60"],
      ["Physlib.Relativity.Tensors.ComplexTensor.Metrics.Pre transitive imports (public)",
       "e97acbcc2a2f8e77"],
      ["Physlib.Relativity.Tensors.ComplexTensor.Metrics.Pre:importArts",
       "9de480e164efd039"],
      ["Physlib.Relativity.Tensors.ComplexTensor.OfRat transitive imports (public)",
       "9fc4428c6a854583"],
      ["Physlib.Relativity.Tensors.ComplexTensor.OfRat:importArts",
       "2014fc67b6bfa0f6"],
      ["Physlib.Relativity.Tensors.ComplexTensor.Units.Basic transitive imports (public)",
       "7be2c6e0718b7749"],
      ["Physlib.Relativity.Tensors.ComplexTensor.Units.Basic:importArts",
       "03c467285b929cdf"],
      ["Physlib.Relativity.Tensors.ComplexTensor.Units.Pre transitive imports (public)",
       "bcb27c06e14fe4b9"],
      ["Physlib.Relativity.Tensors.ComplexTensor.Units.Pre:importArts",
       "8bd69d11a481508d"],
      ["Physlib.Relativity.Tensors.ComplexTensor.Units.Symm transitive imports (public)",
       "2a4a17052117bf11"],
      ["Physlib.Relativity.Tensors.ComplexTensor.Units.Symm:importArts",
       "0a22543b76289dbc"],
      ["Physlib.Relativity.Tensors.ComplexTensor.Vector.Pre.Basic transitive imports (public)",
       "b0e9d968017455a0"],
      ["Physlib.Relativity.Tensors.ComplexTensor.Vector.Pre.Basic:importArts",
       "b10a27eb71ccc6f2"],
      ["Physlib.Relativity.Tensors.ComplexTensor.Vector.Pre.Contraction transitive imports (public)",
       "24589a9428fea9ef"],
      ["Physlib.Relativity.Tensors.ComplexTensor.Vector.Pre.Contraction:importArts",
       "fc1dd9c0812f3954"],
      ["Physlib.Relativity.Tensors.ComplexTensor.Vector.Pre.Modules transitive imports (public)",
       "f8891c8be0949735"],
      ["Physlib.Relativity.Tensors.ComplexTensor.Vector.Pre.Modules:importArts",
       "08643bd64cdb1813"],
      ["Physlib.Relativity.Tensors.ComponentIdx.Basic transitive imports (public)",
       "7d75e2567fb9831d"],
      ["Physlib.Relativity.Tensors.ComponentIdx.Basic:importArts",
       "2b3173d13c5af939"],
      ["Physlib.Relativity.Tensors.ComponentIdx.Contraction transitive imports (public)",
       "3753afa9bf9fa0ef"],
      ["Physlib.Relativity.Tensors.ComponentIdx.Contraction:importArts",
       "c1c658f06276ea1c"],
      ["Physlib.Relativity.Tensors.ComponentIdx.Product transitive imports (public)",
       "0eafef36f477d261"],
      ["Physlib.Relativity.Tensors.ComponentIdx.Product:importArts",
       "facadedc30ed582d"],
      ["Physlib.Relativity.Tensors.ComponentIdx.Single transitive imports (public)",
       "0eafef36f477d261"],
      ["Physlib.Relativity.Tensors.ComponentIdx.Single:importArts",
       "00f522cae480ebbf"],
      ["Physlib.Relativity.Tensors.Conjugation.Basic transitive imports (public)",
       "efd8cdfce2fae862"],
      ["Physlib.Relativity.Tensors.Conjugation.Basic:importArts",
       "aa0f557021fc67c4"],
      ["Physlib.Relativity.Tensors.Constructors transitive imports (public)",
       "a7e52c206576803e"],
      ["Physlib.Relativity.Tensors.Constructors:importArts",
       "c99a071d4500986a"],
      ["Physlib.Relativity.Tensors.Contraction.Basic transitive imports (public)",
       "1092eaa8722b0b7f"],
      ["Physlib.Relativity.Tensors.Contraction.Basic:importArts",
       "b23206f4a8a604da"],
      ["Physlib.Relativity.Tensors.Contraction.Basis transitive imports (public)",
       "ed6a13af20462d97"],
      ["Physlib.Relativity.Tensors.Contraction.Basis:importArts",
       "677b6319e8cd4f7d"],
      ["Physlib.Relativity.Tensors.Contraction.CrossToEnd transitive imports (public)",
       "a7e52c206576803e"],
      ["Physlib.Relativity.Tensors.Contraction.CrossToEnd:importArts",
       "22411b49770a097a"],
      ["Physlib.Relativity.Tensors.Contraction.CrossToSlot transitive imports (public)",
       "f5e11ad03e425188"],
      ["Physlib.Relativity.Tensors.Contraction.CrossToSlot:importArts",
       "a5fa70c96f75f279"],
      ["Physlib.Relativity.Tensors.Contraction.Products transitive imports (public)",
       "ee66465778ead1ba"],
      ["Physlib.Relativity.Tensors.Contraction.Products:importArts",
       "8de08a4c01a84db5"],
      ["Physlib.Relativity.Tensors.Contraction.Pure transitive imports (public)",
       "bfcb4feebcd0a6d4"],
      ["Physlib.Relativity.Tensors.Contraction.Pure:importArts",
       "ff2d6ef55ce5dddb"],
      ["Physlib.Relativity.Tensors.Contraction.SuccSuccAbove transitive imports (public)",
       "10eab4eb58f7106c"],
      ["Physlib.Relativity.Tensors.Contraction.SuccSuccAbove:importArts",
       "ef2dc095b8ce445d"],
      ["Physlib.Relativity.Tensors.Contraction.UnitTensorContraction transitive imports (public)",
       "2f5e56a5ea68c8e3"],
      ["Physlib.Relativity.Tensors.Contraction.UnitTensorContraction:importArts",
       "badc01889a0d4a2f"],
      ["Physlib.Relativity.Tensors.Dual transitive imports (public)",
       "27f0110e2e9cf4a5"],
      ["Physlib.Relativity.Tensors.Dual:importArts", "782af6790777aecd"],
      ["Physlib.Relativity.Tensors.Elab transitive imports (public)",
       "7f82bafd66d3d5f0"],
      ["Physlib.Relativity.Tensors.Elab:importArts", "9ce4e75c2c7356b8"],
      ["Physlib.Relativity.Tensors.Evaluation transitive imports (public)",
       "fd78df78616c6efb"],
      ["Physlib.Relativity.Tensors.Evaluation:importArts", "2e0405997d676c17"],
      ["Physlib.Relativity.Tensors.LeviCivita.Basic transitive imports (public)",
       "bc6c87149238df8b"],
      ["Physlib.Relativity.Tensors.LeviCivita.Basic:importArts",
       "36e694a5d5bae809"],
      ["Physlib.Relativity.Tensors.LeviCivita.Complex transitive imports (public)",
       "287afbc04f203eb6"],
      ["Physlib.Relativity.Tensors.LeviCivita.Complex:importArts",
       "552dbd3c1d78fcfc"],
      ["Physlib.Relativity.Tensors.LeviCivita.Contractions transitive imports (public)",
       "75940790e8c67e1d"],
      ["Physlib.Relativity.Tensors.LeviCivita.Contractions:importArts",
       "f014dd9f1ec71c0f"],
      ["Physlib.Relativity.Tensors.MetricTensor transitive imports (public)",
       "779f1dc7c2216b02"],
      ["Physlib.Relativity.Tensors.MetricTensor:importArts",
       "23fcc76de412b786"],
      ["Physlib.Relativity.Tensors.OfInt transitive imports (public)",
       "bfcb4feebcd0a6d4"],
      ["Physlib.Relativity.Tensors.OfInt:importArts", "0c9833ffa30711f5"],
      ["Physlib.Relativity.Tensors.Product transitive imports (public)",
       "b126687d95e82907"],
      ["Physlib.Relativity.Tensors.Product:importArts", "f0026a6a6f8fa3b2"],
      ["Physlib.Relativity.Tensors.RealTensor.Basic transitive imports (public)",
       "159e5aa7bc5dd1be"],
      ["Physlib.Relativity.Tensors.RealTensor.Basic:importArts",
       "3636453aaa2ca275"],
      ["Physlib.Relativity.Tensors.RealTensor.CoVector.Basic transitive imports (public)",
       "0bdf42c875b4d901"],
      ["Physlib.Relativity.Tensors.RealTensor.CoVector.Basic:importArts",
       "8475571342c9f997"],
      ["Physlib.Relativity.Tensors.RealTensor.CoVector.Representation transitive imports (public)",
       "7829f23f9d65f133"],
      ["Physlib.Relativity.Tensors.RealTensor.CoVector.Representation:importArts",
       "8f40205cc2f436b0"],
      ["Physlib.Relativity.Tensors.RealTensor.CoVector.Tensorial transitive imports (public)",
       "673c14122416e40a"],
      ["Physlib.Relativity.Tensors.RealTensor.CoVector.Tensorial:importArts",
       "57f07939c394f421"],
      ["Physlib.Relativity.Tensors.RealTensor.Contraction.CrossToEnd transitive imports (public)",
       "dacf29eb47f190c9"],
      ["Physlib.Relativity.Tensors.RealTensor.Contraction.CrossToEnd:importArts",
       "ebca210cb29eef80"],
      ["Physlib.Relativity.Tensors.RealTensor.Matrix.Pre transitive imports (public)",
       "6242f736d7bf5cd3"],
      ["Physlib.Relativity.Tensors.RealTensor.Matrix.Pre:importArts",
       "8d8c0f71f5a45319"],
      ["Physlib.Relativity.Tensors.RealTensor.Metrics.Basic transitive imports (public)",
       "b5a6cae7cd1d5d8e"],
      ["Physlib.Relativity.Tensors.RealTensor.Metrics.Basic:importArts",
       "06d8fedd8963a2f6"],
      ["Physlib.Relativity.Tensors.RealTensor.Metrics.Pre transitive imports (public)",
       "7cfea4d1979b12d7"],
      ["Physlib.Relativity.Tensors.RealTensor.Metrics.Pre:importArts",
       "33b90c3ca0bb3b8c"],
      ["Physlib.Relativity.Tensors.RealTensor.Representation.Contraction transitive imports (public)",
       "5f51c59d67257fd4"],
      ["Physlib.Relativity.Tensors.RealTensor.Representation.Contraction:importArts",
       "9f928fad8f1f06d3"],
      ["Physlib.Relativity.Tensors.RealTensor.ToComplex transitive imports (public)",
       "5613395f39cbae2b"],
      ["Physlib.Relativity.Tensors.RealTensor.ToComplex:importArts",
       "86962ceed8e3099f"],
      ["Physlib.Relativity.Tensors.RealTensor.Units.Basic transitive imports (public)",
       "dacf29eb47f190c9"],
      ["Physlib.Relativity.Tensors.RealTensor.Units.Basic:importArts",
       "6a10059a65ae6a50"],
      ["Physlib.Relativity.Tensors.RealTensor.Units.Pre transitive imports (public)",
       "956ee1c4b1805d72"],
      ["Physlib.Relativity.Tensors.RealTensor.Units.Pre:importArts",
       "3d3be8e52f6eaae1"],
      ["Physlib.Relativity.Tensors.RealTensor.Vector.Basic transitive imports (public)",
       "0bdf42c875b4d901"],
      ["Physlib.Relativity.Tensors.RealTensor.Vector.Basic:importArts",
       "73135baeaf3f8b1d"],
      ["Physlib.Relativity.Tensors.RealTensor.Vector.Causality.Basic transitive imports (public)",
       "5fad783cbea2c4d4"],
      ["Physlib.Relativity.Tensors.RealTensor.Vector.Causality.Basic:importArts",
       "3d062e04356929ea"],
      ["Physlib.Relativity.Tensors.RealTensor.Vector.Causality.LightLike transitive imports (public)",
       "fe9c6d15ec539065"],
      ["Physlib.Relativity.Tensors.RealTensor.Vector.Causality.LightLike:importArts",
       "fb670bea3c613fd3"],
      ["Physlib.Relativity.Tensors.RealTensor.Vector.Causality.TimeLike transitive imports (public)",
       "fe9c6d15ec539065"],
      ["Physlib.Relativity.Tensors.RealTensor.Vector.Causality.TimeLike:importArts",
       "e75a1ab74730d2d9"],
      ["Physlib.Relativity.Tensors.RealTensor.Vector.MinkowskiProduct transitive imports (public)",
       "b5116ab0cc01cb92"],
      ["Physlib.Relativity.Tensors.RealTensor.Vector.MinkowskiProduct:importArts",
       "dc08d096a06197ba"],
      ["Physlib.Relativity.Tensors.RealTensor.Vector.Pre.Basic transitive imports (public)",
       "b9e2a11c0d7a4590"],
      ["Physlib.Relativity.Tensors.RealTensor.Vector.Pre.Basic:importArts",
       "ab35ea09cf0c8002"],
      ["Physlib.Relativity.Tensors.RealTensor.Vector.Pre.Contraction transitive imports (public)",
       "77caa3d84f95d6f4"],
      ["Physlib.Relativity.Tensors.RealTensor.Vector.Pre.Contraction:importArts",
       "1931b4b4c402ec0b"],
      ["Physlib.Relativity.Tensors.RealTensor.Vector.Pre.Modules transitive imports (public)",
       "2bf885621447e316"],
      ["Physlib.Relativity.Tensors.RealTensor.Vector.Pre.Modules:importArts",
       "dc35d06116503ad0"],
      ["Physlib.Relativity.Tensors.RealTensor.Vector.Representation transitive imports (public)",
       "c0b064a0f88e1ddc"],
      ["Physlib.Relativity.Tensors.RealTensor.Vector.Representation:importArts",
       "55f51750ef5a0810"],
      ["Physlib.Relativity.Tensors.RealTensor.Vector.Tensorial transitive imports (public)",
       "8c251bcaf216a955"],
      ["Physlib.Relativity.Tensors.RealTensor.Vector.Tensorial:importArts",
       "ad6203995f1a07d1"],
      ["Physlib.Relativity.Tensors.RealTensor.Velocity.Basic transitive imports (public)",
       "5fad783cbea2c4d4"],
      ["Physlib.Relativity.Tensors.RealTensor.Velocity.Basic:importArts",
       "d136c3d664024454"],
      ["Physlib.Relativity.Tensors.Reindexing transitive imports (public)",
       "dd62ca9c4397c4a9"],
      ["Physlib.Relativity.Tensors.Reindexing:importArts", "d5be19151779bae8"],
      ["Physlib.Relativity.Tensors.TensorSpecies.Basic transitive imports (public)",
       "d20bd9ccc8f69cde"],
      ["Physlib.Relativity.Tensors.TensorSpecies.Basic:importArts",
       "1b6559c0d8f67aa4"],
      ["Physlib.Relativity.Tensors.Tensorial transitive imports (public)",
       "aa8902f87dfdaca8"],
      ["Physlib.Relativity.Tensors.Tensorial:importArts", "7eda1d6eb033fcb3"],
      ["Physlib.Relativity.Tensors.UnitTensor transitive imports (public)",
       "03e3b4e7366fc34e"],
      ["Physlib.Relativity.Tensors.UnitTensor:importArts", "b03fef2879482a3c"],
      ["Physlib.SpaceAndTime.GalileanGroup.Basic transitive imports (public)",
       "23b8bffeb615d315"],
      ["Physlib.SpaceAndTime.GalileanGroup.Basic:importArts",
       "57e47e8290e56069"],
      ["Physlib.SpaceAndTime.ReferenceFrame transitive imports (public)",
       "96232a941b29d3f4"],
      ["Physlib.SpaceAndTime.ReferenceFrame:importArts", "77a9eaa30e4bdbfb"],
      ["Physlib.SpaceAndTime.Space.Basic transitive imports (public)",
       "1f85ad3b55e7bb01"],
      ["Physlib.SpaceAndTime.Space.Basic:importArts", "23eb71dabdcf568c"],
      ["Physlib.SpaceAndTime.Space.ConstantSliceDist transitive imports (public)",
       "c8197005cd0cae73"],
      ["Physlib.SpaceAndTime.Space.ConstantSliceDist:importArts",
       "3e7304f2650fbbb9"],
      ["Physlib.SpaceAndTime.Space.CrossProduct transitive imports (public)",
       "0f3e29f7b522dd46"],
      ["Physlib.SpaceAndTime.Space.CrossProduct:importArts",
       "5d4d8d8d5ed21b43"],
      ["Physlib.SpaceAndTime.Space.Derivatives.Basic transitive imports (public)",
       "5ae671ed05a1271a"],
      ["Physlib.SpaceAndTime.Space.Derivatives.Basic:importArts",
       "fa13db80eedae68e"],
      ["Physlib.SpaceAndTime.Space.Derivatives.Curl transitive imports (public)",
       "ce0d0d6d2f183bb6"],
      ["Physlib.SpaceAndTime.Space.Derivatives.Curl:importArts",
       "8a10b0ab85cfa41b"],
      ["Physlib.SpaceAndTime.Space.Derivatives.DerivativeIndex transitive imports (public)",
       "d2a39ae444abdee7"],
      ["Physlib.SpaceAndTime.Space.Derivatives.DerivativeIndex:importArts",
       "dbdbdc1b72695963"],
      ["Physlib.SpaceAndTime.Space.Derivatives.Div transitive imports (public)",
       "fe2b5be0a2e309d5"],
      ["Physlib.SpaceAndTime.Space.Derivatives.Div:importArts",
       "812ba8eba8bf8507"],
      ["Physlib.SpaceAndTime.Space.Derivatives.Grad transitive imports (public)",
       "903a3f8ddba50806"],
      ["Physlib.SpaceAndTime.Space.Derivatives.Grad:importArts",
       "8a9e43be72b180e7"],
      ["Physlib.SpaceAndTime.Space.Derivatives.Iterated transitive imports (public)",
       "972f8861fee960f7"],
      ["Physlib.SpaceAndTime.Space.Derivatives.Iterated:importArts",
       "839a8c90fcc4cd51"],
      ["Physlib.SpaceAndTime.Space.Derivatives.Laplacian transitive imports (public)",
       "65969c2d818a947e"],
      ["Physlib.SpaceAndTime.Space.Derivatives.Laplacian:importArts",
       "d69fb3a7d502e841"],
      ["Physlib.SpaceAndTime.Space.Derivatives.MatrixDiv transitive imports (public)",
       "65969c2d818a947e"],
      ["Physlib.SpaceAndTime.Space.Derivatives.MatrixDiv:importArts",
       "b124f3094036e32e"],
      ["Physlib.SpaceAndTime.Space.Derivatives.MultiIndex transitive imports (public)",
       "51b977eac40e56d9"],
      ["Physlib.SpaceAndTime.Space.Derivatives.MultiIndex:importArts",
       "d3a20ef0d670821e"],
      ["Physlib.SpaceAndTime.Space.DistConst transitive imports (public)",
       "a8e5298d932a6c8f"],
      ["Physlib.SpaceAndTime.Space.DistConst:importArts", "037574b619e17a65"],
      ["Physlib.SpaceAndTime.Space.DistOfFunction transitive imports (public)",
       "d81d15ee50b68e0a"],
      ["Physlib.SpaceAndTime.Space.DistOfFunction:importArts",
       "56f7a758838884bb"],
      ["Physlib.SpaceAndTime.Space.EuclideanGroup.Action transitive imports (public)",
       "fe73aa4abc1a8b2b"],
      ["Physlib.SpaceAndTime.Space.EuclideanGroup.Action:importArts",
       "62569e0165218f89"],
      ["Physlib.SpaceAndTime.Space.EuclideanGroup.AffineGroup transitive imports (public)",
       "f95638759d71d806"],
      ["Physlib.SpaceAndTime.Space.EuclideanGroup.AffineGroup:importArts",
       "26ee997fa577c02a"],
      ["Physlib.SpaceAndTime.Space.EuclideanGroup.Basic transitive imports (public)",
       "85aa19cbad06bf6b"],
      ["Physlib.SpaceAndTime.Space.EuclideanGroup.Basic:importArts",
       "2447160323b1d030"],
      ["Physlib.SpaceAndTime.Space.Integrals.Basic transitive imports (public)",
       "5af0670be643b4c1"],
      ["Physlib.SpaceAndTime.Space.Integrals.Basic:importArts",
       "59e30a77ecddbb1d"],
      ["Physlib.SpaceAndTime.Space.Integrals.NormPow transitive imports (public)",
       "3a3d46eb6c7e16cc"],
      ["Physlib.SpaceAndTime.Space.Integrals.NormPow:importArts",
       "27add3f91c1f7a0d"],
      ["Physlib.SpaceAndTime.Space.Integrals.RadialAngularMeasure transitive imports (public)",
       "acc5e5f0a413204b"],
      ["Physlib.SpaceAndTime.Space.Integrals.RadialAngularMeasure:importArts",
       "1bc62171698305e0"],
      ["Physlib.SpaceAndTime.Space.IsDistBounded transitive imports (public)",
       "a81d24b6475f5847"],
      ["Physlib.SpaceAndTime.Space.IsDistBounded:importArts",
       "53e5400728ab5a6f"],
      ["Physlib.SpaceAndTime.Space.LengthUnit transitive imports (public)",
       "f6851f8b3867dab4"],
      ["Physlib.SpaceAndTime.Space.LengthUnit:importArts", "6860c5e0eb19bd10"],
      ["Physlib.SpaceAndTime.Space.Module transitive imports (public)",
       "2732858167cfb273"],
      ["Physlib.SpaceAndTime.Space.Module:importArts", "cb74679d8d2b5b8a"],
      ["Physlib.SpaceAndTime.Space.Norm.Basic transitive imports (public)",
       "0b48698fd6779351"],
      ["Physlib.SpaceAndTime.Space.Norm.Basic:importArts", "4749c34e2a2eb6f0"],
      ["Physlib.SpaceAndTime.Space.Norm.IteratedLaplacian transitive imports (public)",
       "ce650b16977078ce"],
      ["Physlib.SpaceAndTime.Space.Norm.IteratedLaplacian:importArts",
       "14b03b102500f798"],
      ["Physlib.SpaceAndTime.Space.Norm.Regularized transitive imports (public)",
       "b707a4e701e59250"],
      ["Physlib.SpaceAndTime.Space.Norm.Regularized:importArts",
       "df66d353576a79f9"],
      ["Physlib.SpaceAndTime.Space.Origin transitive imports (public)",
       "2a93225ef5db3c02"],
      ["Physlib.SpaceAndTime.Space.Origin:importArts", "a20b9161be52fdf1"],
      ["Physlib.SpaceAndTime.Space.Slice transitive imports (public)",
       "4d418d6891d2339a"],
      ["Physlib.SpaceAndTime.Space.Slice:importArts", "3fb97c4e441efcf3"],
      ["Physlib.SpaceAndTime.Space.SmoothFunctions transitive imports (public)",
       "3aa31d8e489d00be"],
      ["Physlib.SpaceAndTime.Space.SmoothFunctions:importArts",
       "2a6288cce49ebc61"],
      ["Physlib.SpaceAndTime.Space.Translations transitive imports (public)",
       "65969c2d818a947e"],
      ["Physlib.SpaceAndTime.Space.Translations:importArts",
       "60bd661f0c3b268e"],
      ["Physlib.SpaceAndTime.SpaceTime.Basic transitive imports (public)",
       "dc9886259c0e3c7c"],
      ["Physlib.SpaceAndTime.SpaceTime.Basic:importArts", "03ece378d24569fc"],
      ["Physlib.SpaceAndTime.SpaceTime.Boosts transitive imports (public)",
       "3678b5678e83b535"],
      ["Physlib.SpaceAndTime.SpaceTime.Boosts:importArts", "e4d430ef4a796577"],
      ["Physlib.SpaceAndTime.SpaceTime.Derivatives transitive imports (public)",
       "a051e0c012487cd8"],
      ["Physlib.SpaceAndTime.SpaceTime.Derivatives:importArts",
       "c1259978aea9d314"],
      ["Physlib.SpaceAndTime.SpaceTime.LorentzAction transitive imports (public)",
       "e23b738bc6c6dadc"],
      ["Physlib.SpaceAndTime.SpaceTime.LorentzAction:importArts",
       "27ed6dcc9b3511da"],
      ["Physlib.SpaceAndTime.SpaceTime.TimeSlice transitive imports (public)",
       "9810b2f5e849ffe1"],
      ["Physlib.SpaceAndTime.SpaceTime.TimeSlice:importArts",
       "3703820b72ce06a8"],
      ["Physlib.SpaceAndTime.Time.Basic transitive imports (public)",
       "93c4459e14614f4f"],
      ["Physlib.SpaceAndTime.Time.Basic:importArts", "f4037419b066400c"],
      ["Physlib.SpaceAndTime.Time.Derivatives transitive imports (public)",
       "f0fcd12808a72714"],
      ["Physlib.SpaceAndTime.Time.Derivatives:importArts", "f99cd158b939eeb8"],
      ["Physlib.SpaceAndTime.Time.InnerProductSpace transitive imports (public)",
       "d99dfce9622826c4"],
      ["Physlib.SpaceAndTime.Time.InnerProductSpace:importArts",
       "a2e4f7c402d6045e"],
      ["Physlib.SpaceAndTime.Time.MatrixDerivatives transitive imports (public)",
       "cfd2b8bc66af73d5"],
      ["Physlib.SpaceAndTime.Time.MatrixDerivatives:importArts",
       "68d4abe5bd9b8228"],
      ["Physlib.SpaceAndTime.Time.TimeMan transitive imports (public)",
       "1afcd32a56eafcfc"],
      ["Physlib.SpaceAndTime.Time.TimeMan:importArts", "a05c3579ff0053d0"],
      ["Physlib.SpaceAndTime.Time.TimeTransMan transitive imports (public)",
       "fa41bc286e5246c4"],
      ["Physlib.SpaceAndTime.Time.TimeTransMan:importArts", "504e8e1502ad62ed"],
      ["Physlib.SpaceAndTime.Time.TimeUnit transitive imports (public)",
       "7b4a413f787ab9ac"],
      ["Physlib.SpaceAndTime.Time.TimeUnit:importArts", "43c0f985dae7e9f2"],
      ["Physlib.SpaceAndTime.TimeAndSpace.Basic transitive imports (public)",
       "a8e5298d932a6c8f"],
      ["Physlib.SpaceAndTime.TimeAndSpace.Basic:importArts",
       "cc4d059552710ce4"],
      ["Physlib.SpaceAndTime.TimeAndSpace.ConstantTimeDist transitive imports (public)",
       "15183c1350a2bde1"],
      ["Physlib.SpaceAndTime.TimeAndSpace.ConstantTimeDist:importArts",
       "bd053f66eeecaffa"],
      ["Physlib.SpaceAndTime.TimeAndSpace.EuclideanGroup.Action transitive imports (public)",
       "751ac0be14142d1b"],
      ["Physlib.SpaceAndTime.TimeAndSpace.EuclideanGroup.Action:importArts",
       "a5272d136c424211"],
      ["Physlib.SpaceAndTime.TimeAndSpace.EuclideanGroup.SchwartzAction transitive imports (public)",
       "2925e3703425d4f2"],
      ["Physlib.SpaceAndTime.TimeAndSpace.EuclideanGroup.SchwartzAction:importArts",
       "9341e0b5b70676dd"],
      ["Physlib.StatisticalMechanics.BoltzmannConstant transitive imports (public)",
       "35ae02d87432010e"],
      ["Physlib.StatisticalMechanics.BoltzmannConstant:importArts",
       "30fc2125d675a23b"],
      ["Physlib.StatisticalMechanics.CanonicalEnsemble.Basic transitive imports (public)",
       "fcb1918d309cf5d9"],
      ["Physlib.StatisticalMechanics.CanonicalEnsemble.Basic:importArts",
       "2348d46c3b0d3257"],
      ["Physlib.StatisticalMechanics.CanonicalEnsemble.Finite transitive imports (public)",
       "ad34a53c8f72f7fb"],
      ["Physlib.StatisticalMechanics.CanonicalEnsemble.Finite:importArts",
       "e1090e2766d2b2c4"],
      ["Physlib.StatisticalMechanics.CanonicalEnsemble.Lemmas transitive imports (public)",
       "af0279f423fa7c23"],
      ["Physlib.StatisticalMechanics.CanonicalEnsemble.Lemmas:importArts",
       "e350f69a00509a96"],
      ["Physlib.StatisticalMechanics.CanonicalEnsemble.TwoState transitive imports (public)",
       "5f6acdb6122af09e"],
      ["Physlib.StatisticalMechanics.CanonicalEnsemble.TwoState:importArts",
       "3a9226d2e7f7c9ba"],
      ["Physlib.StatisticalMechanics.MicroCanonicalEnsemble.Basic transitive imports (public)",
       "458e05efe37dc040"],
      ["Physlib.StatisticalMechanics.MicroCanonicalEnsemble.Basic:importArts",
       "42a8ec9f405bc49c"],
      ["Physlib.StatisticalMechanics.MicroCanonicalEnsemble.IdealGas transitive imports (public)",
       "d2c3e66e362041c9"],
      ["Physlib.StatisticalMechanics.MicroCanonicalEnsemble.IdealGas:importArts",
       "7e157d6742f790db"],
      ["Physlib.StatisticalMechanics.MicroCanonicalEnsemble.ThermoQuantities transitive imports (public)",
       "3caa74bee116c65f"],
      ["Physlib.StatisticalMechanics.MicroCanonicalEnsemble.ThermoQuantities:importArts",
       "9155aaac31fd007d"],
      ["Physlib.StringTheory.Basic transitive imports (public)",
       "00000000000006bb"],
      ["Physlib.StringTheory.Basic:importArts", "d124457ef50f1290"],
      ["Physlib.StringTheory.FTheory.SU5.Basic transitive imports (public)",
       "00000000000006bb"],
      ["Physlib.StringTheory.FTheory.SU5.Basic:importArts", "0b0d36ccf382ba6d"],
      ["Physlib.StringTheory.FTheory.SU5.Charges.AnomalyFree transitive imports (public)",
       "a76ac18de7d7ed4e"],
      ["Physlib.StringTheory.FTheory.SU5.Charges.AnomalyFree:importArts",
       "b772af74ffdd1334"],
      ["Physlib.StringTheory.FTheory.SU5.Charges.OfRationalSection transitive imports (public)",
       "9e6eb61610903360"],
      ["Physlib.StringTheory.FTheory.SU5.Charges.OfRationalSection:importArts",
       "3a65bc3013370105"],
      ["Physlib.StringTheory.FTheory.SU5.Charges.Viable transitive imports (public)",
       "26e288a213f6fbb9"],
      ["Physlib.StringTheory.FTheory.SU5.Charges.Viable:importArts",
       "ad0080cd8fdce981"],
      ["Physlib.StringTheory.FTheory.SU5.Fluxes.Basic transitive imports (public)",
       "c815d37b3c9ee64a"],
      ["Physlib.StringTheory.FTheory.SU5.Fluxes.Basic:importArts",
       "81c99a379cd93fd2"],
      ["Physlib.StringTheory.FTheory.SU5.Fluxes.NoExotics.ChiralIndices transitive imports (public)",
       "936b9e863e9c9404"],
      ["Physlib.StringTheory.FTheory.SU5.Fluxes.NoExotics.ChiralIndices:importArts",
       "ea7b9010ad4fdfa8"],
      ["Physlib.StringTheory.FTheory.SU5.Fluxes.NoExotics.Completeness transitive imports (public)",
       "9180d806e76d9f71"],
      ["Physlib.StringTheory.FTheory.SU5.Fluxes.NoExotics.Completeness:importArts",
       "9f14a384dd35fd83"],
      ["Physlib.StringTheory.FTheory.SU5.Fluxes.NoExotics.Elems transitive imports (public)",
       "936b9e863e9c9404"],
      ["Physlib.StringTheory.FTheory.SU5.Fluxes.NoExotics.Elems:importArts",
       "15d6d058bb8770de"],
      ["Physlib.StringTheory.FTheory.SU5.Quanta.Basic transitive imports (public)",
       "090d4fe8e5c83b59"],
      ["Physlib.StringTheory.FTheory.SU5.Quanta.Basic:importArts",
       "78ff7a44ba1b44a2"],
      ["Physlib.StringTheory.FTheory.SU5.Quanta.FiveQuanta transitive imports (public)",
       "635c5b74a016949b"],
      ["Physlib.StringTheory.FTheory.SU5.Quanta.FiveQuanta:importArts",
       "56ce63ed01303750"],
      ["Physlib.StringTheory.FTheory.SU5.Quanta.IsViable transitive imports (public)",
       "810df761d5f6aa1c"],
      ["Physlib.StringTheory.FTheory.SU5.Quanta.IsViable:importArts",
       "0bafd7a859cba907"],
      ["Physlib.StringTheory.FTheory.SU5.Quanta.TenQuanta transitive imports (public)",
       "635c5b74a016949b"],
      ["Physlib.StringTheory.FTheory.SU5.Quanta.TenQuanta:importArts",
       "21811aec0d8a451d"],
      ["Physlib.Thermodynamics.Basic transitive imports (public)",
       "00000000000006bb"],
      ["Physlib.Thermodynamics.Basic:importArts", "a9717b1c02882aad"],
      ["Physlib.Thermodynamics.IdealGas.Basic transitive imports (public)",
       "32eae4f65cf5990f"],
      ["Physlib.Thermodynamics.IdealGas.Basic:importArts", "1866079be5a0e486"],
      ["Physlib.Thermodynamics.Temperature.Basic transitive imports (public)",
       "f24c59892f0fb4db"],
      ["Physlib.Thermodynamics.Temperature.Basic:importArts",
       "bece1080e7d31a92"],
      ["Physlib.Thermodynamics.Temperature.TemperatureUnits transitive imports (public)",
       "7b4a413f787ab9ac"],
      ["Physlib.Thermodynamics.Temperature.TemperatureUnits:importArts",
       "84c8935677a9d4e8"],
      ["Physlib.Units.Basic transitive imports (public)", "637e8afe3df6c0a5"],
      ["Physlib.Units.Basic:importArts", "09d91028b49fe956"],
      ["Physlib.Units.Dimension transitive imports (public)",
       "1acf9fbe90e0f4d2"],
      ["Physlib.Units.Dimension:importArts", "0d9e5df5d0added1"],
      ["Physlib.Units.Examples transitive imports (public)",
       "18397600d7a7df38"],
      ["Physlib.Units.Examples:importArts", "9953416c0fc1d551"],
      ["Physlib.Units.Exponent transitive imports (public)",
       "87541979c78c21d1"],
      ["Physlib.Units.Exponent:importArts", "a8e15b8e8d23b568"],
      ["Physlib.Units.FDeriv transitive imports (public)", "56593b5424e8c55b"],
      ["Physlib.Units.FDeriv:importArts", "8d962525082dae2d"],
      ["Physlib.Units.ISQBridge transitive imports (public)",
       "711ee3a30ebbf8ab"],
      ["Physlib.Units.ISQBridge:importArts", "93e87bf92b22e7d2"],
      ["Physlib.Units.ISQDimensionBase transitive imports (public)",
       "56f6d2a9b89dd9e3"],
      ["Physlib.Units.ISQDimensionBase:importArts", "b823e2f8d1e61d87"],
      ["Physlib.Units.Integral transitive imports (public)",
       "e4c0ca4d2e3752c9"],
      ["Physlib.Units.Integral:importArts", "17290290e896b046"],
      ["Physlib.Units.LTMCTDimensionBase transitive imports (public)",
       "56f6d2a9b89dd9e3"],
      ["Physlib.Units.LTMCTDimensionBase:importArts", "58023e61908c8d0e"],
      ["Physlib.Units.ParametricDimensionExamples transitive imports (public)",
       "234202b40e8f9b4e"],
      ["Physlib.Units.ParametricDimensionExamples:importArts",
       "79a7a07dbbf6dfcc"],
      ["Physlib.Units.ParametricUnits transitive imports (public)",
       "a82a051be32ef218"],
      ["Physlib.Units.ParametricUnits:importArts", "87fd714be0cdeed9"],
      ["Physlib.Units.SIUnitChoices transitive imports (public)",
       "6e714841fb82210c"],
      ["Physlib.Units.SIUnitChoices:importArts", "8be95fbbc3ac0e85"],
      ["Physlib.Units.UnitDependent transitive imports (public)",
       "9680a83f1b553d87"],
      ["Physlib.Units.UnitDependent:importArts", "e3e95cc8202bd971"],
      ["Physlib.Units.UnitSystem transitive imports (public)",
       "9846a63696f4b3a6"],
      ["Physlib.Units.UnitSystem:importArts", "c94a5719e4000de5"],
      ["Physlib.Units.WithDim.Area transitive imports (public)",
       "234202b40e8f9b4e"],
      ["Physlib.Units.WithDim.Area:importArts", "2bd8921a4f33ebcd"],
      ["Physlib.Units.WithDim.Basic transitive imports (public)",
       "39fd65396bd49138"],
      ["Physlib.Units.WithDim.Basic:importArts", "4b3abb238b684ad9"],
      ["Physlib.Units.WithDim.Energy transitive imports (public)",
       "234202b40e8f9b4e"],
      ["Physlib.Units.WithDim.Energy:importArts", "253105b3814fa00e"],
      ["Physlib.Units.WithDim.Mass transitive imports (public)",
       "00000000000006bb"],
      ["Physlib.Units.WithDim.Mass:importArts", "1468485b11aa38bd"],
      ["Physlib.Units.WithDim.Momentum transitive imports (public)",
       "234202b40e8f9b4e"],
      ["Physlib.Units.WithDim.Momentum:importArts", "615fcb00545ca379"],
      ["Physlib.Units.WithDim.Pressure transitive imports (public)",
       "234202b40e8f9b4e"],
      ["Physlib.Units.WithDim.Pressure:importArts", "7427334bd33ed4c6"],
      ["Physlib.Units.WithDim.Speed transitive imports (public)",
       "234202b40e8f9b4e"],
      ["Physlib.Units.WithDim.Speed:importArts", "3547f92bbecedba2"],
      ["Physlib.Units.WithDim.Velocity transitive imports (public)",
       "00000000000006bb"],
      ["Physlib.Units.WithDim.Velocity:importArts", "6f5f0835682aa112"]]]]],
  ["libs",
   [["import dynlibs", "00000000000006bb"],
    ["package external libraries", "00000000000006bb"],
    ["module dynlibs", "00000000000006bb"],
    ["module plugins", "00000000000006bb"]]],
  ["Lean 4.34.0, commit 293d5d0c0c3f3dded4688b3ccd6a33939ac5102b",
   "a1c6c7aa3e9abfe7"],
  ["C:\\lean\\libs\\physlib\\Physlib.lean", "fe4b005dc302fc38"],
  ["options", "00000000000006bb"],
  ["isModule: true", "760fcc16989f4b9b"],
  ["Module.name: Physlib", "cf159c1767b1aa17"],
  ["Package.id?: (some Physlib)", "6dd4b1a3d0e46d70"],
  ["Module.leanArgs: #[-Dwarn.sorry=false, -Dweak.says.verify=true]",
   "72cd5083b9c31fb2"]],
 "depHash": "5fe17f0edc690aa9"}